-- ============================================================
-- CRM - Seed de dados (gerado automaticamente)
-- ============================================================

-- empresas (5 registros)
INSERT INTO empresas (id, nome, cnpj, email, telefone, criado_em) VALUES
('e2d82a56-fd89-47d1-8b59-aaf15299be04', 'Conta Gerente Teste', NULL, '', '', '2026-05-15 14:02:44.805793+00'),
('15f4149b-8b0a-4373-a6ed-246982c68be5', 'AWR', NULL, '', '', '2026-05-15 14:02:44.806743+00'),
('90afc393-691b-4ac7-b027-4c3eaea66d19', 'Mídia Arte', NULL, '', '', '2026-05-15 14:02:44.807215+00'),
('75c86c3e-c06d-41cf-bdbe-98477cb9f45a', 'NEW SHOES', NULL, 'adm@newshoes.com.br', '47997029789', '2026-05-15 14:02:44.807672+00'),
('fb6a461d-8dbb-4b76-b260-6f233f5a033f', 'OH MY BOX', NULL, 'super@ohmybox.com', '', '2026-05-15 14:02:44.808149+00');

-- contas (17 registros)
INSERT INTO contas (id, empresa_id, conta_pai_id, nome, descricao, ativo, criado_em) VALUES
('94c4c2d8-fb0e-4a66-b0c9-7a8dbfc5309f', 'e2d82a56-fd89-47d1-8b59-aaf15299be04', NULL, 'Acme Corp', NULL, TRUE, '2026-05-15 14:02:44.811988+00'),
('71c43468-8c41-4842-bf68-5994e41160b4', 'e2d82a56-fd89-47d1-8b59-aaf15299be04', NULL, 'Empresa Teste', NULL, TRUE, '2026-05-15 14:02:44.812742+00'),
('df52ba06-9454-45e2-847d-117cf7e0086f', 'e2d82a56-fd89-47d1-8b59-aaf15299be04', NULL, 'Conta Gerente Teste', NULL, TRUE, '2026-05-15 14:02:44.813158+00'),
('12340b1a-dc30-4d42-8781-4b611ec79ffb', '15f4149b-8b0a-4373-a6ed-246982c68be5', NULL, 'AWR', NULL, TRUE, '2026-05-15 14:02:44.813590+00'),
('725cab13-d435-438c-ae9e-5d720ab614c7', '15f4149b-8b0a-4373-a6ed-246982c68be5', '12340b1a-dc30-4d42-8781-4b611ec79ffb', 'Doutor Sofá Brasil', NULL, TRUE, '2026-05-15 14:02:44.814024+00'),
('cb4cc85c-73c8-4f96-b8b5-eb20d1afdf98', '15f4149b-8b0a-4373-a6ed-246982c68be5', '725cab13-d435-438c-ae9e-5d720ab614c7', 'Doutor Sofá Rio de Janeiro', NULL, TRUE, '2026-05-15 14:02:44.814491+00'),
('942b8625-a8b8-4f78-824b-033833baa813', '15f4149b-8b0a-4373-a6ed-246982c68be5', 'cb4cc85c-73c8-4f96-b8b5-eb20d1afdf98', 'Ipanema', NULL, TRUE, '2026-05-15 14:02:44.814932+00'),
('0f7f6f22-8547-4bcb-8e8c-21876d7644aa', '15f4149b-8b0a-4373-a6ed-246982c68be5', 'cb4cc85c-73c8-4f96-b8b5-eb20d1afdf98', 'RJ Zona Norte', NULL, TRUE, '2026-05-15 14:02:44.815355+00'),
('6822fb95-f0a4-43bb-8c56-48dac1870668', '90afc393-691b-4ac7-b027-4c3eaea66d19', NULL, 'Mídia Arte', NULL, TRUE, '2026-05-15 14:02:44.815757+00'),
('4d9ab458-b246-453e-94ea-092247af61e0', '90afc393-691b-4ac7-b027-4c3eaea66d19', '6822fb95-f0a4-43bb-8c56-48dac1870668', 'Electrolux', NULL, TRUE, '2026-05-15 14:02:44.816153+00'),
('130c9c51-73b5-40cd-8d11-533201877ee7', '15f4149b-8b0a-4373-a6ed-246982c68be5', 'cb4cc85c-73c8-4f96-b8b5-eb20d1afdf98', 'Barra', NULL, TRUE, '2026-05-15 14:02:44.816573+00'),
('44c9c3e4-3445-4f29-9c7f-ed85c8f25141', 'e2d82a56-fd89-47d1-8b59-aaf15299be04', NULL, 'Acoplatec', NULL, TRUE, '2026-05-15 14:02:44.816980+00'),
('f5e671fa-52c4-480c-a2fa-742cca97d395', 'e2d82a56-fd89-47d1-8b59-aaf15299be04', NULL, 'Clínica Cleuza Canan', NULL, TRUE, '2026-05-15 14:02:44.817386+00'),
('43521f09-32f1-4e10-bf15-9c0e6e9cb750', '75c86c3e-c06d-41cf-bdbe-98477cb9f45a', NULL, 'NEW SHOES', NULL, TRUE, '2026-05-15 14:02:44.817732+00'),
('1807a12b-5e11-4913-a436-07906d214eea', '75c86c3e-c06d-41cf-bdbe-98477cb9f45a', '43521f09-32f1-4e10-bf15-9c0e6e9cb750', 'Trindade', NULL, TRUE, '2026-05-15 14:02:44.818126+00'),
('80f33a85-ff2a-4cbd-a534-7de1591d02b0', 'e2d82a56-fd89-47d1-8b59-aaf15299be04', NULL, 'Curitiba', NULL, TRUE, '2026-05-15 14:02:44.818494+00'),
('7847ebc0-a6f2-4cc0-8d75-c48b02fdb465', 'fb6a461d-8dbb-4b76-b260-6f233f5a033f', NULL, 'OH MY BOX', NULL, TRUE, '2026-05-15 14:02:44.818838+00');

-- usuarios (11 registros)
INSERT INTO usuarios (id, empresa_id, nome, email, senha_hash, perfil, ativo, criado_em) VALUES
('cfc99e3e-912c-42a6-b624-0b2ae151f53f', '15f4149b-8b0a-4373-a6ed-246982c68be5', 'Admin Krescer', 'admin@krescer.com', '$2a$11$a7/P2qDRX7nApyDElO7E..z3KUXsE0yvOWEtUhiYjpDTVNJvS33jC', 'admin', TRUE, '2026-05-15 14:02:45.187525+00'),
('0ac46069-bcc9-438b-854c-0169987efdea', '15f4149b-8b0a-4373-a6ed-246982c68be5', 'Gestor Krescer', 'gestor@krescer.com', '$2a$11$a7/P2qDRX7nApyDElO7E..z3KUXsE0yvOWEtUhiYjpDTVNJvS33jC', 'gestor', TRUE, '2026-05-15 14:02:45.190353+00'),
('ea32a97a-0e3d-46d8-8024-0d9682c48cce', 'e2d82a56-fd89-47d1-8b59-aaf15299be04', 'Admin Clínica', 'admin@clinica.com', '$2a$11$a7/P2qDRX7nApyDElO7E..z3KUXsE0yvOWEtUhiYjpDTVNJvS33jC', 'admin', TRUE, '2026-05-15 14:02:45.190959+00'),
('fe5ebbdb-ced1-4593-8f79-bebd2d3ad7fb', 'e2d82a56-fd89-47d1-8b59-aaf15299be04', 'Atendente Clínica', 'atendente@clinica.com', '$2a$11$a7/P2qDRX7nApyDElO7E..z3KUXsE0yvOWEtUhiYjpDTVNJvS33jC', 'atendente', TRUE, '2026-05-15 14:02:45.191505+00'),
('645ed5c2-064d-4812-afae-95113956e13f', 'e2d82a56-fd89-47d1-8b59-aaf15299be04', 'Leitura Clínica', 'leitura@clinica.com', '$2a$11$a7/P2qDRX7nApyDElO7E..z3KUXsE0yvOWEtUhiYjpDTVNJvS33jC', 'atendente', TRUE, '2026-05-15 14:02:45.192185+00'),
('bd7bb16b-4d51-4ca9-a444-d79f62cb8dc9', 'e2d82a56-fd89-47d1-8b59-aaf15299be04', 'Admin Loja', 'admin@loja.com', '$2a$11$a7/P2qDRX7nApyDElO7E..z3KUXsE0yvOWEtUhiYjpDTVNJvS33jC', 'admin', TRUE, '2026-05-15 14:02:45.192679+00'),
('660bc10f-90d7-4faa-9d39-7aa221859edb', '15f4149b-8b0a-4373-a6ed-246982c68be5', 'Leia', 'leia@ds.com', '$2a$11$a7/P2qDRX7nApyDElO7E..z3KUXsE0yvOWEtUhiYjpDTVNJvS33jC', 'atendente', TRUE, '2026-05-15 14:02:45.193143+00'),
('ae8610cc-3f7f-4df1-84f4-8b740e743328', '75c86c3e-c06d-41cf-bdbe-98477cb9f45a', 'Admin', 'adm@newshoes.com.br', '$2a$11$a7/P2qDRX7nApyDElO7E..z3KUXsE0yvOWEtUhiYjpDTVNJvS33jC', 'admin', TRUE, '2026-05-15 14:02:45.193576+00'),
('19d9c4a8-dc6d-4bc0-9855-b2ad0c3ef77f', 'e2d82a56-fd89-47d1-8b59-aaf15299be04', 'Admin', 'adm@ohmybox.com', '$2a$11$a7/P2qDRX7nApyDElO7E..z3KUXsE0yvOWEtUhiYjpDTVNJvS33jC', 'admin', TRUE, '2026-05-15 14:02:45.193936+00'),
('27e2f840-355d-4ea0-b7ea-35316598bd18', 'fb6a461d-8dbb-4b76-b260-6f233f5a033f', 'Super', 'super@ohmybox.com', '$2a$11$a7/P2qDRX7nApyDElO7E..z3KUXsE0yvOWEtUhiYjpDTVNJvS33jC', 'admin', TRUE, '2026-05-15 14:02:45.194315+00'),
('6fdf9561-87ae-444d-a3a4-00b4b19ac699', 'e2d82a56-fd89-47d1-8b59-aaf15299be04', 'Admin', 'admin@leadchathub.com', '$2a$11$4GsPMg25EWIylYr6SRgTae.frnkyH9pU3C5XAsyr04Z/WKAVajjxC', 'admin', TRUE, '2026-05-15 14:02:45.321981+00');

-- canais_conectados (21 registros)
INSERT INTO canais_conectados (id, conta_id, tipo, nome, identificador, token_acesso, ativo, criado_em) VALUES
('a2a395f8-4d3d-432e-b82c-92da623c50ba', '94c4c2d8-fb0e-4a66-b0c9-7a8dbfc5309f', 'whatsapp', 'WhatsApp Vendas', '+5511999990000', NULL, TRUE, '2026-05-15 14:02:45.323799+00'),
('fba63aaa-b023-4ee9-a065-3aa6c16c246d', '94c4c2d8-fb0e-4a66-b0c9-7a8dbfc5309f', 'instagram', 'Instagram DM', '@acme', NULL, TRUE, '2026-05-15 14:02:45.324822+00'),
('0ed507d6-40e1-4799-a5c0-d5968d739c39', '71c43468-8c41-4842-bf68-5994e41160b4', 'webchat', 'Webchat', '', NULL, TRUE, '2026-05-15 14:02:45.325453+00'),
('49f9f5ef-43f5-46b2-a9a4-26408a16118a', 'f5e671fa-52c4-480c-a2fa-742cca97d395', 'whatsapp', 'WhatsApp Cloud', '', NULL, TRUE, '2026-05-15 14:02:45.325966+00'),
('0b0a3f96-32b7-42dd-baf9-4a479341a881', 'f5e671fa-52c4-480c-a2fa-742cca97d395', 'whatsapp', 'WhatsApp Não Oficial', '', NULL, TRUE, '2026-05-15 14:02:45.326399+00'),
('efbdbdce-257f-4e21-a921-bc6bbbd3134a', 'f5e671fa-52c4-480c-a2fa-742cca97d395', 'webchat', 'Webchat Site', '', NULL, TRUE, '2026-05-15 14:02:45.327024+00'),
('f51ad183-837b-4bb1-b704-9ff0dfae3c1f', '44c9c3e4-3445-4f29-9c7f-ed85c8f25141', 'whatsapp', 'WhatsApp Cloud', '', NULL, TRUE, '2026-05-15 14:02:45.327464+00'),
('a6281ca2-85ea-42e4-a84e-60227f8e0b1a', '44c9c3e4-3445-4f29-9c7f-ed85c8f25141', 'whatsapp', 'WhatsApp Não Oficial', '', NULL, TRUE, '2026-05-15 14:02:45.327891+00'),
('9e00f5c7-0e9c-457f-be64-7cc8b75b2646', '44c9c3e4-3445-4f29-9c7f-ed85c8f25141', 'webchat', 'Webchat Site', '', NULL, TRUE, '2026-05-15 14:02:45.328279+00'),
('88a2b755-ac06-4a0a-bb08-1be25f241726', '4d9ab458-b246-453e-94ea-092247af61e0', 'whatsapp', 'WhatsApp Cloud', '', NULL, TRUE, '2026-05-15 14:02:45.328723+00'),
('9fab73ae-a3d7-41e1-84e2-f714d2afe044', '4d9ab458-b246-453e-94ea-092247af61e0', 'whatsapp', 'WhatsApp Não Oficial', '', NULL, TRUE, '2026-05-15 14:02:45.329081+00'),
('b1a8196c-be8d-4e97-882b-79c37e9ce22c', '4d9ab458-b246-453e-94ea-092247af61e0', 'webchat', 'Webchat Site', '', NULL, TRUE, '2026-05-15 14:02:45.329413+00'),
('1de6abb4-a55e-4978-b2f9-eabfe43e2c08', '942b8625-a8b8-4f78-824b-033833baa813', 'whatsapp', 'WhatsApp Cloud', '', NULL, TRUE, '2026-05-15 14:02:45.329771+00'),
('d30b5072-638a-4f92-9790-d3180bcd33d0', '942b8625-a8b8-4f78-824b-033833baa813', 'whatsapp', 'WhatsApp Não Oficial', '', NULL, TRUE, '2026-05-15 14:02:45.330127+00'),
('170b395d-2e5f-4af1-9aa7-03c7e50ce483', '942b8625-a8b8-4f78-824b-033833baa813', 'webchat', 'Webchat Site', '', NULL, TRUE, '2026-05-15 14:02:45.330467+00'),
('13854198-3906-451c-b3cb-70ef7f1c1a87', '0f7f6f22-8547-4bcb-8e8c-21876d7644aa', 'whatsapp', 'WhatsApp Cloud', '', NULL, TRUE, '2026-05-15 14:02:45.330793+00'),
('2a962657-1a3d-4cfe-b849-35337b2dfaaa', '0f7f6f22-8547-4bcb-8e8c-21876d7644aa', 'whatsapp', 'WhatsApp Não Oficial', '', NULL, TRUE, '2026-05-15 14:02:45.331125+00'),
('b32120a3-77f1-4b44-a7c2-e25a89a72f40', '0f7f6f22-8547-4bcb-8e8c-21876d7644aa', 'webchat', 'Webchat Site', '', NULL, TRUE, '2026-05-15 14:02:45.331485+00'),
('9d4761f6-1a02-4a33-aed8-7471d22236a1', '130c9c51-73b5-40cd-8d11-533201877ee7', 'whatsapp', 'WhatsApp Cloud', '', NULL, TRUE, '2026-05-15 14:02:45.331945+00'),
('c37d5e4d-512c-4279-ac08-1557c16f157d', '130c9c51-73b5-40cd-8d11-533201877ee7', 'whatsapp', 'WhatsApp Não Oficial', '', NULL, TRUE, '2026-05-15 14:02:45.332333+00'),
('1a5215a5-afbd-4421-bb11-fe22a01f431b', '130c9c51-73b5-40cd-8d11-533201877ee7', 'webchat', 'Webchat Site', '', NULL, TRUE, '2026-05-15 14:02:45.332688+00');

-- leads (144 registros)
INSERT INTO leads (id, conta_id, nome, email, telefone, status, origem, metadados_extras, criado_em, atualizado_em) VALUES
('177c4111-bfc3-4d43-8673-4713987c643d', '130c9c51-73b5-40cd-8d11-533201877ee7', 'Paulo Marinho (Barra)', 'paulo.marinho20@demo-barra.com', '+551199052226', 'perdido', 'organico', '{"tags": [], "notas": "", "score": 0}', '2026-03-23 04:52:16.551453+00', '2026-03-23 04:52:16.551453+00'),
('e3e0bc49-caf8-42f9-a843-e23bee738774', '942b8625-a8b8-4f78-824b-033833baa813', 'Paulo Marinho (Ipanema)', 'paulo.marinho20@demo-ipanema.com', '+551199018355', 'perdido', 'organico', '{"tags": [], "notas": "", "score": 0}', '2026-03-24 04:52:16.551453+00', '2026-03-24 04:52:16.551453+00'),
('bb839a35-50dc-46f5-b480-53bc01d44b36', '0f7f6f22-8547-4bcb-8e8c-21876d7644aa', 'Paulo Marinho (RJ Zona Norte)', 'paulo.marinho20@demo-rjzonanorte.com', '+551199056885', 'perdido', 'organico', '{"tags": [], "notas": "", "score": 0}', '2026-03-25 04:52:16.551453+00', '2026-03-25 04:52:16.551453+00'),
('1a86749e-ff19-4faf-8c6f-fcda580db8bf', '130c9c51-73b5-40cd-8d11-533201877ee7', 'Mônica Farias (Barra)', 'mônica.farias19@demo-barra.com', '+551199008808', 'convertido', 'webchat', '{"tags": [], "notas": "", "score": 0}', '2026-03-25 04:52:16.551453+00', '2026-03-25 04:52:16.551453+00'),
('f7c8b8c4-58ec-4d13-b317-b75448c5e229', '942b8625-a8b8-4f78-824b-033833baa813', 'Mônica Farias (Ipanema)', 'mônica.farias19@demo-ipanema.com', '+551199016614', 'convertido', 'webchat', '{"tags": [], "notas": "", "score": 0}', '2026-03-26 04:52:16.551453+00', '2026-03-26 04:52:16.551453+00'),
('bb9bdcfe-9b9c-4928-adf9-fb395529d280', '94c4c2d8-fb0e-4a66-b0c9-7a8dbfc5309f', 'Felipe Dias (Acme Corp)', 'felipe.dias20@demo-acmecorp.com', '+551199096327', 'perdido', 'organico', '{"tags": [], "notas": "", "score": 0}', '2026-03-26 04:52:16.551453+00', '2026-03-26 04:52:16.551453+00'),
('cd94b3a9-86e1-42ed-b35a-b84baf07b8c3', '0f7f6f22-8547-4bcb-8e8c-21876d7644aa', 'Mônica Farias (RJ Zona Norte)', 'mônica.farias19@demo-rjzonanorte.com', '+551199037766', 'convertido', 'webchat', '{"tags": [], "notas": "", "score": 0}', '2026-03-27 04:52:16.551453+00', '2026-03-27 04:52:16.551453+00'),
('74a68ebf-1953-4e11-b227-7960cd5f32cd', '130c9c51-73b5-40cd-8d11-533201877ee7', 'Leonardo Sales (Barra)', 'leonardo.sales18@demo-barra.com', '+551199094308', 'qualificado', 'whatsapp', '{"tags": [], "notas": "", "score": 40}', '2026-03-27 04:52:16.551453+00', '2026-03-27 04:52:16.551453+00'),
('a4643f3c-e147-4dca-bba2-7eff51e09bc6', '94c4c2d8-fb0e-4a66-b0c9-7a8dbfc5309f', 'Renata Teixeira (Acme Corp)', 'renata.teixeira19@demo-acmecorp.com', '+551199001831', 'convertido', 'webchat', '{"tags": [], "notas": "", "score": 0}', '2026-03-28 04:52:16.551453+00', '2026-03-28 04:52:16.551453+00'),
('5e5c410b-95ca-40d5-97c4-7600e2b038f6', '942b8625-a8b8-4f78-824b-033833baa813', 'Leonardo Sales (Ipanema)', 'leonardo.sales18@demo-ipanema.com', '+551199024090', 'qualificado', 'whatsapp', '{"tags": [], "notas": "", "score": 40}', '2026-03-28 04:52:16.551453+00', '2026-03-28 04:52:16.551453+00'),
('4ba56ceb-62b4-4294-945e-ea6e5e8841fb', '0f7f6f22-8547-4bcb-8e8c-21876d7644aa', 'Leonardo Sales (RJ Zona Norte)', 'leonardo.sales18@demo-rjzonanorte.com', '+551199089454', 'qualificado', 'whatsapp', '{"tags": [], "notas": "", "score": 40}', '2026-03-29 04:52:16.551453+00', '2026-03-29 04:52:16.551453+00'),
('d67a4368-df45-4132-9539-d1b8d8cf2456', '130c9c51-73b5-40cd-8d11-533201877ee7', 'Sabrina Lopes (Barra)', 'sabrina.lopes17@demo-barra.com', '+551199011426', 'em_atendimento', 'tiktok', '{"tags": [], "notas": "", "score": 0}', '2026-03-29 04:52:16.551453+00', '2026-03-29 04:52:16.551453+00'),
('ce5034f6-ae8a-4ec2-8f5f-6388f58b9c3a', '942b8625-a8b8-4f78-824b-033833baa813', 'Sabrina Lopes (Ipanema)', 'sabrina.lopes17@demo-ipanema.com', '+551199031350', 'em_atendimento', 'tiktok', '{"tags": [], "notas": "", "score": 0}', '2026-03-30 04:52:16.551453+00', '2026-03-30 04:52:16.551453+00'),
('35ef3b9c-1239-42e2-b5d3-0ae55c7aba19', '94c4c2d8-fb0e-4a66-b0c9-7a8dbfc5309f', 'Diego Pinto (Acme Corp)', 'diego.pinto18@demo-acmecorp.com', '+551199098986', 'qualificado', 'whatsapp', '{"tags": [], "notas": "", "score": 40}', '2026-03-30 04:52:16.551453+00', '2026-03-30 04:52:16.551453+00'),
('9ac45b1b-8adb-42bf-b45a-1fd7a326e31b', '0f7f6f22-8547-4bcb-8e8c-21876d7644aa', 'Sabrina Lopes (RJ Zona Norte)', 'sabrina.lopes17@demo-rjzonanorte.com', '+551199091573', 'em_atendimento', 'tiktok', '{"tags": [], "notas": "", "score": 0}', '2026-03-31 04:52:16.551453+00', '2026-03-31 04:52:16.551453+00'),
('3b309ed9-fce2-47b7-8d5d-d16c42fcc38b', '130c9c51-73b5-40cd-8d11-533201877ee7', 'Henrique Cunha (Barra)', 'henrique.cunha16@demo-barra.com', '+551199064687', 'novo', 'meta', '{"tags": [], "notas": "", "score": 0}', '2026-03-31 04:52:16.551453+00', '2026-03-31 04:52:16.551453+00'),
('2b0e2704-9894-4743-842c-d9f78d6aa7e5', '94c4c2d8-fb0e-4a66-b0c9-7a8dbfc5309f', 'Aline Castro (Acme Corp)', 'aline.castro17@demo-acmecorp.com', '+551199046923', 'em_atendimento', 'tiktok', '{"tags": [], "notas": "", "score": 0}', '2026-04-01 04:52:16.551453+00', '2026-04-01 04:52:16.551453+00'),
('1e402fb8-55b5-4e4a-88ca-28e2599e80d5', '942b8625-a8b8-4f78-824b-033833baa813', 'Henrique Cunha (Ipanema)', 'henrique.cunha16@demo-ipanema.com', '+551199099635', 'novo', 'meta', '{"tags": [], "notas": "", "score": 0}', '2026-04-01 04:52:16.551453+00', '2026-04-01 04:52:16.551453+00'),
('84667dba-aa2a-4d99-b318-fd4df7a6103c', '130c9c51-73b5-40cd-8d11-533201877ee7', 'Gabriela Monteiro (Barra)', 'gabriela.monteiro15@demo-barra.com', '+551199070665', 'perdido', 'google', '{"tags": [], "notas": "", "score": 40}', '2026-04-02 04:52:16.551453+00', '2026-04-02 04:52:16.551453+00'),
('e0b038c0-386c-4c61-a036-62f25ed91c37', '0f7f6f22-8547-4bcb-8e8c-21876d7644aa', 'Henrique Cunha (RJ Zona Norte)', 'henrique.cunha16@demo-rjzonanorte.com', '+551199059675', 'novo', 'meta', '{"tags": [], "notas": "", "score": 0}', '2026-04-02 04:52:16.551453+00', '2026-04-02 04:52:16.551453+00'),
('278aa5cc-d322-4029-bf7c-b19ae79a670e', '94c4c2d8-fb0e-4a66-b0c9-7a8dbfc5309f', 'Marcelo Moreira (Acme Corp)', 'marcelo.moreira16@demo-acmecorp.com', '+551199020491', 'novo', 'meta', '{"tags": [], "notas": "", "score": 0}', '2026-04-03 04:52:16.551453+00', '2026-04-03 04:52:16.551453+00'),
('07a8f583-8268-491e-a6e7-efd9d1d0e849', '942b8625-a8b8-4f78-824b-033833baa813', 'Gabriela Monteiro (Ipanema)', 'gabriela.monteiro15@demo-ipanema.com', '+551199007345', 'perdido', 'google', '{"tags": [], "notas": "", "score": 40}', '2026-04-03 04:52:16.551453+00', '2026-04-03 04:52:16.551453+00'),
('dcab8bbf-aa85-4f62-aa1e-67128914e5b2', '130c9c51-73b5-40cd-8d11-533201877ee7', 'Vinícius Nunes (Barra)', 'vinícius.nunes14@demo-barra.com', '+551199080485', 'convertido', 'indicacao', '{"tags": [], "notas": "", "score": 0}', '2026-04-04 04:52:16.551453+00', '2026-04-04 04:52:16.551453+00'),
('bce10661-d9d6-48b6-b949-e0a9e8e43cac', '0f7f6f22-8547-4bcb-8e8c-21876d7644aa', 'Gabriela Monteiro (RJ Zona Norte)', 'gabriela.monteiro15@demo-rjzonanorte.com', '+551199066542', 'perdido', 'google', '{"tags": [], "notas": "", "score": 40}', '2026-04-04 04:52:16.551453+00', '2026-04-04 04:52:16.551453+00'),
('a64d27db-85c2-4e59-9352-96490390841e', '942b8625-a8b8-4f78-824b-033833baa813', 'Vinícius Nunes (Ipanema)', 'vinícius.nunes14@demo-ipanema.com', '+551199057163', 'convertido', 'indicacao', '{"tags": [], "notas": "", "score": 0}', '2026-04-05 04:52:16.551453+00', '2026-04-05 04:52:16.551453+00'),
('c4e1c555-15d2-4b03-95fe-5c57542c6784', '94c4c2d8-fb0e-4a66-b0c9-7a8dbfc5309f', 'Juliana Cavalcante (Acme Corp)', 'juliana.cavalcante15@demo-acmecorp.com', '+551199087436', 'perdido', 'google', '{"tags": [], "notas": "", "score": 40}', '2026-04-05 04:52:16.551453+00', '2026-04-05 04:52:16.551453+00'),
('528f8f09-47c0-486d-a274-6a0e1586a76b', '0f7f6f22-8547-4bcb-8e8c-21876d7644aa', 'Vinícius Nunes (RJ Zona Norte)', 'vinícius.nunes14@demo-rjzonanorte.com', '+551199007267', 'convertido', 'indicacao', '{"tags": [], "notas": "", "score": 0}', '2026-04-06 04:52:16.551453+00', '2026-04-06 04:52:16.551453+00'),
('9e4728c2-389d-474b-85ef-ed748557bda4', '130c9c51-73b5-40cd-8d11-533201877ee7', 'Daniela Correia (Barra)', 'daniela.correia13@demo-barra.com', '+551199038404', 'qualificado', 'organico', '{"tags": [], "notas": "", "score": 0}', '2026-04-06 04:52:16.551453+00', '2026-04-06 04:52:16.551453+00'),
('d8f1120c-26a1-4e60-9f02-e0f9ea0cf49b', '94c4c2d8-fb0e-4a66-b0c9-7a8dbfc5309f', 'Lucas Araújo (Acme Corp)', 'lucas.araújo14@demo-acmecorp.com', '+551199073954', 'convertido', 'indicacao', '{"tags": [], "notas": "", "score": 0}', '2026-04-07 04:52:16.551453+00', '2026-04-07 04:52:16.551453+00'),
('63b83fe4-d518-406f-b84b-4d19e4c06fac', '942b8625-a8b8-4f78-824b-033833baa813', 'Daniela Correia (Ipanema)', 'daniela.correia13@demo-ipanema.com', '+551199095575', 'qualificado', 'organico', '{"tags": [], "notas": "", "score": 0}', '2026-04-07 04:52:16.551453+00', '2026-04-07 04:52:16.551453+00'),
('d5c20169-e725-41d7-bfd6-c1cc32fcbe10', '130c9c51-73b5-40cd-8d11-533201877ee7', 'Marcos Andrade (Barra)', 'marcos.andrade12@demo-barra.com', '+551199081386', 'em_atendimento', 'webchat', '{"tags": [], "notas": "", "score": 40}', '2026-04-08 04:52:16.551453+00', '2026-04-08 04:52:16.551453+00'),
('0f235081-1847-48dc-a12e-e2c1d46df155', '0f7f6f22-8547-4bcb-8e8c-21876d7644aa', 'Daniela Correia (RJ Zona Norte)', 'daniela.correia13@demo-rjzonanorte.com', '+551199003670', 'qualificado', 'organico', '{"tags": [], "notas": "", "score": 0}', '2026-04-08 04:52:16.551453+00', '2026-04-08 04:52:16.551453+00'),
('c2a1072a-4211-4bce-b7ec-b6c967a77339', '94c4c2d8-fb0e-4a66-b0c9-7a8dbfc5309f', 'Patrícia Mendes (Acme Corp)', 'patrícia.mendes13@demo-acmecorp.com', '+551199063917', 'qualificado', 'organico', '{"tags": [], "notas": "", "score": 0}', '2026-04-09 04:52:16.551453+00', '2026-04-09 04:52:16.551453+00'),
('64553bcb-7b2c-4afa-aa0a-49c2164be224', '942b8625-a8b8-4f78-824b-033833baa813', 'Marcos Andrade (Ipanema)', 'marcos.andrade12@demo-ipanema.com', '+551199010117', 'em_atendimento', 'webchat', '{"tags": [], "notas": "", "score": 40}', '2026-04-09 04:52:16.551453+00', '2026-04-09 04:52:16.551453+00'),
('e17b55be-e38c-423a-93aa-5fe758b20bb8', '0f7f6f22-8547-4bcb-8e8c-21876d7644aa', 'Marcos Andrade (RJ Zona Norte)', 'marcos.andrade12@demo-rjzonanorte.com', '+551199069391', 'em_atendimento', 'webchat', '{"tags": [], "notas": "", "score": 40}', '2026-04-10 04:52:16.551453+00', '2026-04-10 04:52:16.551453+00'),
('9dded4d5-74ba-4205-a29f-06893f17897b', '130c9c51-73b5-40cd-8d11-533201877ee7', 'Cristiane Machado (Barra)', 'cristiane.machado11@demo-barra.com', '+551199076631', 'novo', 'whatsapp', '{"tags": [], "notas": "", "score": 0}', '2026-04-10 04:52:16.551453+00', '2026-04-10 04:52:16.551453+00'),
('684c8fe3-6337-4583-baac-df12b3985598', '94c4c2d8-fb0e-4a66-b0c9-7a8dbfc5309f', 'Bruno Cardoso (Acme Corp)', 'bruno.cardoso12@demo-acmecorp.com', '+551199065632', 'em_atendimento', 'webchat', '{"tags": [], "notas": "", "score": 40}', '2026-04-11 04:52:16.551453+00', '2026-04-11 04:52:16.551453+00'),
('4599a5db-79eb-400a-8a2a-64e348acc482', '942b8625-a8b8-4f78-824b-033833baa813', 'Cristiane Machado (Ipanema)', 'cristiane.machado11@demo-ipanema.com', '+551199081369', 'novo', 'whatsapp', '{"tags": [], "notas": "", "score": 0}', '2026-04-11 04:52:16.551453+00', '2026-04-11 04:52:16.551453+00'),
('176859a0-646f-4b60-8715-e0eac5d7aabc', '130c9c51-73b5-40cd-8d11-533201877ee7', 'André Rocha (Barra)', 'andré.rocha10@demo-barra.com', '+551199056934', 'perdido', 'tiktok', '{"tags": [], "notas": "", "score": 0}', '2026-04-12 04:52:16.551453+00', '2026-04-12 04:52:16.551453+00'),
('a977e64b-cb66-46af-9aa6-f4354ef374fa', '0f7f6f22-8547-4bcb-8e8c-21876d7644aa', 'Cristiane Machado (RJ Zona Norte)', 'cristiane.machado11@demo-rjzonanorte.com', '+551199007964', 'novo', 'whatsapp', '{"tags": [], "notas": "", "score": 0}', '2026-04-12 04:52:16.551453+00', '2026-04-12 04:52:16.551453+00'),
('a9b5eef3-5229-4aec-9d73-0f47dca1aecb', '942b8625-a8b8-4f78-824b-033833baa813', 'André Rocha (Ipanema)', 'andré.rocha10@demo-ipanema.com', '+551199038685', 'perdido', 'tiktok', '{"tags": [], "notas": "", "score": 0}', '2026-04-13 04:52:16.551453+00', '2026-04-13 04:52:16.551453+00'),
('14501448-99d7-44f8-8434-68558cb3e727', '94c4c2d8-fb0e-4a66-b0c9-7a8dbfc5309f', 'Camila Barbosa (Acme Corp)', 'camila.barbosa11@demo-acmecorp.com', '+551199042404', 'novo', 'whatsapp', '{"tags": [], "notas": "", "score": 0}', '2026-04-13 04:52:16.551453+00', '2026-04-13 04:52:16.551453+00'),
('036d4de7-e96d-487e-a66f-636e24241851', '130c9c51-73b5-40cd-8d11-533201877ee7', 'Tatiana Freitas (Barra)', 'tatiana.freitas9@demo-barra.com', '+551199045028', 'convertido', 'meta', '{"tags": [], "notas": "", "score": 40}', '2026-04-14 04:52:16.551453+00', '2026-04-14 04:52:16.551453+00'),
('b4b0aa20-c24b-4798-acf8-dfa91a3abae7', '0f7f6f22-8547-4bcb-8e8c-21876d7644aa', 'André Rocha (RJ Zona Norte)', 'andré.rocha10@demo-rjzonanorte.com', '+551199066895', 'perdido', 'tiktok', '{"tags": [], "notas": "", "score": 0}', '2026-04-14 04:52:16.551453+00', '2026-04-14 04:52:16.551453+00'),
('26641a4f-3695-46b2-9be9-b6dd3af5a53c', '94c4c2d8-fb0e-4a66-b0c9-7a8dbfc5309f', 'Thiago Ribeiro (Acme Corp)', 'thiago.ribeiro10@demo-acmecorp.com', '+551199046054', 'perdido', 'tiktok', '{"tags": [], "notas": "", "score": 0}', '2026-04-15 04:52:16.551453+00', '2026-04-15 04:52:16.551453+00'),
('913010ff-4f15-4c8e-b21a-bc69b52e4a29', '942b8625-a8b8-4f78-824b-033833baa813', 'Tatiana Freitas (Ipanema)', 'tatiana.freitas9@demo-ipanema.com', '+551199095256', 'convertido', 'meta', '{"tags": [], "notas": "", "score": 40}', '2026-04-15 04:52:16.551453+00', '2026-04-15 04:52:16.551453+00'),
('442043a4-481a-4f00-8e74-b5b9a8740204', '0f7f6f22-8547-4bcb-8e8c-21876d7644aa', 'Tatiana Freitas (RJ Zona Norte)', 'tatiana.freitas9@demo-rjzonanorte.com', '+551199054934', 'convertido', 'meta', '{"tags": [], "notas": "", "score": 40}', '2026-04-16 04:52:16.551453+00', '2026-04-16 04:52:16.551453+00'),
('573cf121-9612-4de1-be0d-89b53e15db4f', '130c9c51-73b5-40cd-8d11-533201877ee7', 'Rodrigo Borges (Barra)', 'rodrigo.borges8@demo-barra.com', '+551199038898', 'qualificado', 'google', '{"tags": [], "notas": "", "score": 0}', '2026-04-16 04:52:16.551453+00', '2026-04-16 04:52:16.551453+00'),
('6eb22a1b-a0da-4a3f-9e89-9cf39ae745c7', '942b8625-a8b8-4f78-824b-033833baa813', 'Rodrigo Borges (Ipanema)', 'rodrigo.borges8@demo-ipanema.com', '+551199012559', 'qualificado', 'google', '{"tags": [], "notas": "", "score": 0}', '2026-04-17 04:52:16.551453+00', '2026-04-17 04:52:16.551453+00'),
('affce6aa-0fc0-419a-b58c-56342b128a1e', '94c4c2d8-fb0e-4a66-b0c9-7a8dbfc5309f', 'Larissa Gomes (Acme Corp)', 'larissa.gomes9@demo-acmecorp.com', '+551199072202', 'convertido', 'meta', '{"tags": [], "notas": "", "score": 40}', '2026-04-17 04:52:16.551453+00', '2026-04-17 04:52:16.551453+00'),
('0a52a98b-f6c7-49f9-9102-f8a8a77f4532', '130c9c51-73b5-40cd-8d11-533201877ee7', 'Luciana Vieira (Barra)', 'luciana.vieira7@demo-barra.com', '+551199062350', 'em_atendimento', 'indicacao', '{"tags": [], "notas": "", "score": 0}', '2026-04-18 04:52:16.551453+00', '2026-04-18 04:52:16.551453+00'),
('da555c97-0496-4e44-90a4-9a1dd2f77299', '0f7f6f22-8547-4bcb-8e8c-21876d7644aa', 'Rodrigo Borges (RJ Zona Norte)', 'rodrigo.borges8@demo-rjzonanorte.com', '+551199012641', 'qualificado', 'google', '{"tags": [], "notas": "", "score": 0}', '2026-04-18 04:52:16.551453+00', '2026-04-18 04:52:16.551453+00'),
('a8e62724-fe86-4f5a-a41a-d90dc40b43a3', '94c4c2d8-fb0e-4a66-b0c9-7a8dbfc5309f', 'Gustavo Ferreira (Acme Corp)', 'gustavo.ferreira8@demo-acmecorp.com', '+551199012956', 'qualificado', 'google', '{"tags": [], "notas": "", "score": 0}', '2026-04-19 04:52:16.551453+00', '2026-04-19 04:52:16.551453+00'),
('8c6e430f-a7da-4c7f-a1a4-a4bbbdd83a50', '942b8625-a8b8-4f78-824b-033833baa813', 'Luciana Vieira (Ipanema)', 'luciana.vieira7@demo-ipanema.com', '+551199084150', 'em_atendimento', 'indicacao', '{"tags": [], "notas": "", "score": 0}', '2026-04-19 04:52:16.551453+00', '2026-04-19 04:52:16.551453+00'),
('ae2464c9-793a-4654-a049-97ddff329300', '130c9c51-73b5-40cd-8d11-533201877ee7', 'Carlos Ramos (Barra)', 'carlos.ramos6@demo-barra.com', '+551199008869', 'novo', 'organico', '{"tags": [], "notas": "", "score": 40}', '2026-04-20 04:52:16.551453+00', '2026-04-20 04:52:16.551453+00'),
('9a9f43f5-698f-4111-8625-863643b46d20', '0f7f6f22-8547-4bcb-8e8c-21876d7644aa', 'Luciana Vieira (RJ Zona Norte)', 'luciana.vieira7@demo-rjzonanorte.com', '+551199078845', 'em_atendimento', 'indicacao', '{"tags": [], "notas": "", "score": 0}', '2026-04-20 04:52:16.551453+00', '2026-04-20 04:52:16.551453+00'),
('4b08d0db-f8e4-49e2-8b49-562cd96ecead', '942b8625-a8b8-4f78-824b-033833baa813', 'Carlos Ramos (Ipanema)', 'carlos.ramos6@demo-ipanema.com', '+551199070883', 'novo', 'organico', '{"tags": [], "notas": "", "score": 40}', '2026-04-21 04:52:16.551453+00', '2026-04-21 04:52:16.551453+00'),
('30c6511c-9fcd-42a0-a1fd-061faa263bf8', '94c4c2d8-fb0e-4a66-b0c9-7a8dbfc5309f', 'Fernanda Martins (Acme Corp)', 'fernanda.martins7@demo-acmecorp.com', '+551199015077', 'em_atendimento', 'indicacao', '{"tags": [], "notas": "", "score": 0}', '2026-04-21 04:52:16.551453+00', '2026-04-21 04:52:16.551453+00'),
('bdb3554d-0c0b-483e-bc13-07ee7aa1f0fb', '0f7f6f22-8547-4bcb-8e8c-21876d7644aa', 'Carlos Ramos (RJ Zona Norte)', 'carlos.ramos6@demo-rjzonanorte.com', '+551199008999', 'novo', 'organico', '{"tags": [], "notas": "", "score": 40}', '2026-04-22 04:52:16.551453+00', '2026-04-22 04:52:16.551453+00'),
('09a82f1a-45bd-48a9-ab88-b98df0e98fc0', '130c9c51-73b5-40cd-8d11-533201877ee7', 'Priscila Nogueira (Barra)', 'priscila.nogueira5@demo-barra.com', '+551199050980', 'perdido', 'webchat', '{"tags": [], "notas": "", "score": 0}', '2026-04-22 04:52:16.551453+00', '2026-04-22 04:52:16.551453+00'),
('9a1fd568-ca5d-4b51-bacb-124af6e1c8fd', '942b8625-a8b8-4f78-824b-033833baa813', 'Priscila Nogueira (Ipanema)', 'priscila.nogueira5@demo-ipanema.com', '+551199081682', 'perdido', 'webchat', '{"tags": [], "notas": "", "score": 0}', '2026-04-23 04:52:16.551453+00', '2026-04-23 04:52:16.551453+00'),
('9ad31a83-7106-414b-969a-106943444944', '94c4c2d8-fb0e-4a66-b0c9-7a8dbfc5309f', 'Rafael Carvalho (Acme Corp)', 'rafael.carvalho6@demo-acmecorp.com', '+551199009580', 'novo', 'organico', '{"tags": [], "notas": "", "score": 40}', '2026-04-23 04:52:16.551453+00', '2026-04-23 04:52:16.551453+00'),
('aa86e57a-2ff9-430f-aa3a-af67840c53b2', '0f7f6f22-8547-4bcb-8e8c-21876d7644aa', 'Priscila Nogueira (RJ Zona Norte)', 'priscila.nogueira5@demo-rjzonanorte.com', '+551199062307', 'perdido', 'webchat', '{"tags": [], "notas": "", "score": 0}', '2026-04-24 04:52:16.551453+00', '2026-04-24 04:52:16.551453+00'),
('a779bd00-6fd2-4362-ae69-b0040411d57c', '130c9c51-73b5-40cd-8d11-533201877ee7', 'Eduardo Lima (Barra)', 'eduardo.lima4@demo-barra.com', '+551199000346', 'convertido', 'whatsapp', '{"tags": [], "notas": "", "score": 0}', '2026-04-24 04:52:16.551453+00', '2026-04-24 04:52:16.551453+00'),
('d50d9e12-8f49-412e-9bae-7b9466afc2b4', '942b8625-a8b8-4f78-824b-033833baa813', 'Eduardo Lima (Ipanema)', 'eduardo.lima4@demo-ipanema.com', '+551199042921', 'convertido', 'whatsapp', '{"tags": [], "notas": "", "score": 0}', '2026-04-25 04:52:16.551453+00', '2026-04-25 04:52:16.551453+00'),
('a6100541-a13e-4f7f-ac21-5564767369e4', '94c4c2d8-fb0e-4a66-b0c9-7a8dbfc5309f', 'Beatriz Rodrigues (Acme Corp)', 'beatriz.rodrigues5@demo-acmecorp.com', '+551199019516', 'perdido', 'webchat', '{"tags": [], "notas": "", "score": 0}', '2026-04-25 04:52:16.551453+00', '2026-04-25 04:52:16.551453+00'),
('adcb0ed0-8f0a-4cfc-aa2b-72fcfae753b6', '130c9c51-73b5-40cd-8d11-533201877ee7', 'Vanessa Costa (Barra)', 'vanessa.costa3@demo-barra.com', '+551199081568', 'qualificado', 'tiktok', '{"tags": [], "notas": "", "score": 40}', '2026-04-26 04:52:16.551453+00', '2026-04-26 04:52:16.551453+00'),
('cb3aba6f-4757-4074-bbf3-1ed484af0627', '0f7f6f22-8547-4bcb-8e8c-21876d7644aa', 'Eduardo Lima (RJ Zona Norte)', 'eduardo.lima4@demo-rjzonanorte.com', '+551199058343', 'convertido', 'whatsapp', '{"tags": [], "notas": "", "score": 0}', '2026-04-26 04:52:16.551453+00', '2026-04-26 04:52:16.551453+00'),
('7bc2fced-720c-4c53-82be-8739ae632866', '942b8625-a8b8-4f78-824b-033833baa813', 'Vanessa Costa (Ipanema)', 'vanessa.costa3@demo-ipanema.com', '+551199095279', 'qualificado', 'tiktok', '{"tags": [], "notas": "", "score": 40}', '2026-04-27 04:52:16.551453+00', '2026-04-27 04:52:16.551453+00'),
('57605c94-7a19-40a0-9d4c-aaccaa2430b6', '130c9c51-73b5-40cd-8d11-533201877ee7', 'Roberto Souza (Barra)', 'roberto.souza2@demo-barra.com', '+551199087573', 'em_atendimento', 'meta', '{"tags": [], "notas": "", "score": 0}', '2026-04-28 04:52:16.551453+00', '2026-04-28 04:52:16.551453+00'),
('c328bbed-3535-4697-a039-24448fe8b4ec', '0f7f6f22-8547-4bcb-8e8c-21876d7644aa', 'Vanessa Costa (RJ Zona Norte)', 'vanessa.costa3@demo-rjzonanorte.com', '+551199079649', 'qualificado', 'tiktok', '{"tags": [], "notas": "", "score": 40}', '2026-04-28 04:52:16.551453+00', '2026-04-28 04:52:16.551453+00'),
('470f1d73-7eb6-4bfc-853b-3a5971c5b9f6', '942b8625-a8b8-4f78-824b-033833baa813', 'Roberto Souza (Ipanema)', 'roberto.souza2@demo-ipanema.com', '+551199087773', 'em_atendimento', 'meta', '{"tags": [], "notas": "", "score": 0}', '2026-04-29 04:52:16.551453+00', '2026-04-29 04:52:16.551453+00'),
('527444e7-6239-4dbe-9e4b-dda7a2df475d', '130c9c51-73b5-40cd-8d11-533201877ee7', 'Ana Silva (Barra)', 'ana.silva1@demo-barra.com', '+551199035197', 'novo', 'google', '{"tags": [], "notas": "", "score": 0}', '2026-04-30 04:52:16.551453+00', '2026-04-30 04:52:16.551453+00'),
('1c2f85c9-0ea2-40ad-9cea-25ef4f5e9544', '0f7f6f22-8547-4bcb-8e8c-21876d7644aa', 'Roberto Souza (RJ Zona Norte)', 'roberto.souza2@demo-rjzonanorte.com', '+551199092474', 'em_atendimento', 'meta', '{"tags": [], "notas": "", "score": 0}', '2026-04-30 04:52:16.551453+00', '2026-04-30 04:52:16.551453+00'),
('313805cb-d599-4e53-8bb5-f2cb289170e1', '942b8625-a8b8-4f78-824b-033833baa813', 'Ana Silva (Ipanema)', 'ana.silva1@demo-ipanema.com', '+551199046074', 'novo', 'google', '{"tags": [], "notas": "", "score": 0}', '2026-05-01 04:52:16.551453+00', '2026-05-01 04:52:16.551453+00'),
('3506319c-2808-4b7c-86c6-8b56325af7da', '0f7f6f22-8547-4bcb-8e8c-21876d7644aa', 'Ana Silva (RJ Zona Norte)', 'ana.silva1@demo-rjzonanorte.com', '+551199071127', 'novo', 'google', '{"tags": [], "notas": "", "score": 0}', '2026-05-02 04:52:16.551453+00', '2026-05-02 04:52:16.551453+00'),
('c4d0b2a7-ac6d-4dc5-a748-d5fca02bd003', '94c4c2d8-fb0e-4a66-b0c9-7a8dbfc5309f', 'Pedro Rocha', 'pedro@email.com', '+55 11 95555-4444', 'novo', 'WhatsApp', '{"tags": [], "notas": "", "score": 50}', '2026-05-02 22:22:33.390865+00', '2026-05-02 22:22:33.390865+00'),
('36e1e40f-67ae-403a-98bc-6019404da704', '94c4c2d8-fb0e-4a66-b0c9-7a8dbfc5309f', 'João Pereira', 'joao@email.com', '+55 11 97777-2222', 'em_atendimento', 'Instagram', '{"tags": ["quente"], "notas": "", "score": 50}', '2026-05-02 22:22:33.390865+00', '2026-05-02 22:22:33.390865+00'),
('d170a010-b6a5-4b73-b599-f6b760fcb0d4', '94c4c2d8-fb0e-4a66-b0c9-7a8dbfc5309f', 'Carla Souza', 'carla@email.com', '+55 11 96666-3333', 'qualificado', 'Site', '{"tags": ["enterprise"], "notas": "", "score": 50}', '2026-05-02 22:22:33.390865+00', '2026-05-02 22:22:33.390865+00'),
('b888efb9-6473-48d4-8e3e-534316c82a08', '94c4c2d8-fb0e-4a66-b0c9-7a8dbfc5309f', 'Mariana Silva', 'mariana@email.com', '+55 11 98888-1111', 'novo', 'WhatsApp', '{"tags": ["vip"], "notas": "", "score": 50}', '2026-05-02 22:22:33.390865+00', '2026-05-02 22:22:33.390865+00'),
('9277c49b-e68c-44da-82c3-078ed81ec7af', '71c43468-8c41-4842-bf68-5994e41160b4', 'João Teste', 'joao.teste@email.com', '+5547999999999', 'novo', 'google_ads', '{"tags": ["gclid:teste-gclid-123", "utm_source:google", "utm_medium:cpc", "utm_campaign:campanha_teste", "canal:webchat"], "notas": "", "score": 50}', '2026-05-02 22:39:24.898168+00', '2026-05-02 22:39:24.898168+00'),
('205d4be5-1d36-41b0-8f85-19e6081a4673', '71c43468-8c41-4842-bf68-5994e41160b4', 'Marco Dias', '', '47997029789', 'novo', 'site', '{"tags": ["canal:webchat"], "notas": "", "score": 30}', '2026-05-02 22:44:27.754176+00', '2026-05-02 22:44:27.754176+00'),
('b61aa7ba-bc59-44a3-8394-463ada40f4ed', '71c43468-8c41-4842-bf68-5994e41160b4', 'Benjamin', '', '479999999', 'novo', 'site', '{"tags": ["canal:webchat", "utm_source:google", "utm_campaign:teste", "gclid:teste123"], "notas": "", "score": 40}', '2026-05-02 23:15:13.798934+00', '2026-05-02 23:15:13.798934+00'),
('f6538448-aa86-430c-b039-a306398799e0', '4d9ab458-b246-453e-94ea-092247af61e0', 'Quésia Vidal (Empresa B2B)', 'quésia.vidal17@empresab2b.com', '+55119901629', 'em_atendimento', 'tiktok', '{"tags": [], "notas": "seed:teste", "score": 30}', '2026-05-04 13:11:06.537632+00', '2026-05-04 13:11:06.537632+00'),
('75ffa694-ddc6-4939-970c-27fa7976029b', '4d9ab458-b246-453e-94ea-092247af61e0', 'Rafael Moreira (Empresa B2B)', 'rafael.moreira18@empresab2b.com', '+55119901666', 'qualificado', 'google', '{"tags": [], "notas": "seed:teste", "score": 90}', '2026-05-04 13:11:06.537632+00', '2026-05-04 13:11:06.537632+00'),
('4f39e4c4-f0e8-46f8-a1c7-81f802273030', '4d9ab458-b246-453e-94ea-092247af61e0', 'Sofia Andrade (Empresa B2B)', 'sofia.andrade19@empresab2b.com', '+55119901703', 'novo', 'meta', '{"tags": [], "notas": "seed:teste", "score": 50}', '2026-05-04 13:11:06.537632+00', '2026-05-04 13:11:06.537632+00'),
('50c569d3-fba3-4a97-802c-1b4e9f640dc5', '4d9ab458-b246-453e-94ea-092247af61e0', 'Thiago Barros (Empresa B2B)', 'thiago.barros20@empresab2b.com', '+55119901740', 'convertido', 'tiktok', '{"tags": [], "notas": "seed:teste", "score": 50}', '2026-05-04 13:11:06.537632+00', '2026-05-04 13:11:06.537632+00'),
('1868407a-2310-41cb-a13c-b7a8ba0989c1', '4d9ab458-b246-453e-94ea-092247af61e0', 'Bruno Costa (Empresa B2B)', 'bruno.costa2@empresab2b.com', '+55119901074', 'qualificado', 'tiktok', '{"tags": [], "notas": "seed:teste", "score": 50}', '2026-05-04 13:11:06.537632+00', '2026-05-04 13:11:06.537632+00'),
('f3969187-6fba-4b8c-b08c-f3316fdeae8d', '4d9ab458-b246-453e-94ea-092247af61e0', 'Ana Silva (Empresa B2B)', 'ana.silva1@empresab2b.com', '+55119901037', 'em_atendimento', 'meta', '{"tags": [], "notas": "seed:teste", "score": 30}', '2026-05-04 13:11:06.537632+00', '2026-05-04 13:11:06.537632+00'),
('eeb3e6da-d17b-4a37-95fd-77552ab21b1f', '44c9c3e4-3445-4f29-9c7f-ed85c8f25141', 'Thiago Barros (Loja Teste)', 'thiago.barros20@lojateste.com', '+55119901740', 'convertido', 'tiktok', '{"tags": [], "notas": "seed:teste", "score": 50}', '2026-05-04 13:11:06.537632+00', '2026-05-04 13:11:06.537632+00'),
('81f0fae9-93ff-4b1c-bb6f-0d11a117d222', '44c9c3e4-3445-4f29-9c7f-ed85c8f25141', 'Sofia Andrade (Loja Teste)', 'sofia.andrade19@lojateste.com', '+55119901703', 'novo', 'meta', '{"tags": [], "notas": "seed:teste", "score": 50}', '2026-05-04 13:11:06.537632+00', '2026-05-04 13:11:06.537632+00'),
('30a3c7ca-4c9d-4540-ba23-c2d4827e2139', '44c9c3e4-3445-4f29-9c7f-ed85c8f25141', 'Rafael Moreira (Loja Teste)', 'rafael.moreira18@lojateste.com', '+55119901666', 'qualificado', 'google', '{"tags": [], "notas": "seed:teste", "score": 90}', '2026-05-04 13:11:06.537632+00', '2026-05-04 13:11:06.537632+00'),
('a9ca4c77-c1db-4c26-ab56-ba2146a4afc9', '44c9c3e4-3445-4f29-9c7f-ed85c8f25141', 'Quésia Vidal (Loja Teste)', 'quésia.vidal17@lojateste.com', '+55119901629', 'em_atendimento', 'tiktok', '{"tags": [], "notas": "seed:teste", "score": 50}', '2026-05-04 13:11:06.537632+00', '2026-05-04 13:11:06.537632+00'),
('77c9fc43-ab38-408f-9560-45ad07388030', '44c9c3e4-3445-4f29-9c7f-ed85c8f25141', 'Paulo Rocha (Loja Teste)', 'paulo.rocha16@lojateste.com', '+55119901592', 'convertido', 'meta', '{"tags": [], "notas": "seed:teste", "score": 30}', '2026-05-04 13:11:06.537632+00', '2026-05-04 13:11:06.537632+00'),
('3358d5e8-8554-45cd-97b3-789f8b99d100', '44c9c3e4-3445-4f29-9c7f-ed85c8f25141', 'Olívia Cardoso (Loja Teste)', 'olívia.cardoso15@lojateste.com', '+55119901555', 'novo', 'google', '{"tags": [], "notas": "seed:teste", "score": 90}', '2026-05-04 13:11:06.537632+00', '2026-05-04 13:11:06.537632+00'),
('9b8b5e39-5086-44c9-9a21-10afec17a5c2', '44c9c3e4-3445-4f29-9c7f-ed85c8f25141', 'Nicolas Braga (Loja Teste)', 'nicolas.braga14@lojateste.com', '+55119901518', 'qualificado', 'tiktok', '{"tags": [], "notas": "seed:teste", "score": 50}', '2026-05-04 13:11:06.537632+00', '2026-05-04 13:11:06.537632+00'),
('4b763b5f-04b6-42ba-90fc-6c0608cfb663', '44c9c3e4-3445-4f29-9c7f-ed85c8f25141', 'Mariana Tavares (Loja Teste)', 'mariana.tavares13@lojateste.com', '+55119901481', 'em_atendimento', 'meta', '{"tags": [], "notas": "seed:teste", "score": 50}', '2026-05-04 13:11:06.537632+00', '2026-05-04 13:11:06.537632+00'),
('acaf8f1a-73c0-4c9f-b27b-c63be2d650bb', '44c9c3e4-3445-4f29-9c7f-ed85c8f25141', 'Lucas Ramos (Loja Teste)', 'lucas.ramos12@lojateste.com', '+55119901444', 'convertido', 'google', '{"tags": [], "notas": "seed:teste", "score": 70}', '2026-05-04 13:11:06.537632+00', '2026-05-04 13:11:06.537632+00'),
('52f8a805-5e1b-4b4e-a9cd-60f0e14831f2', '44c9c3e4-3445-4f29-9c7f-ed85c8f25141', 'Karla Nunes (Loja Teste)', 'karla.nunes11@lojateste.com', '+55119901407', 'novo', 'tiktok', '{"tags": [], "notas": "seed:teste", "score": 50}', '2026-05-04 13:11:06.537632+00', '2026-05-04 13:11:06.537632+00'),
('7b0bd64a-491b-4f28-99ea-12bee1a30fd6', '44c9c3e4-3445-4f29-9c7f-ed85c8f25141', 'João Pereira (Loja Teste)', 'joão.pereira10@lojateste.com', '+55119901370', 'qualificado', 'meta', '{"tags": [], "notas": "seed:teste", "score": 30}', '2026-05-04 13:11:06.537632+00', '2026-05-04 13:11:06.537632+00'),
('7f8e4c7a-b4f0-4a21-be5e-2e4289932c2e', '44c9c3e4-3445-4f29-9c7f-ed85c8f25141', 'Isabela Pinto (Loja Teste)', 'isabela.pinto9@lojateste.com', '+55119901333', 'em_atendimento', 'google', '{"tags": [], "notas": "seed:teste", "score": 90}', '2026-05-04 13:11:06.537632+00', '2026-05-04 13:11:06.537632+00'),
('bc66d979-2d64-4742-9e1d-ed9acd45308f', '44c9c3e4-3445-4f29-9c7f-ed85c8f25141', 'Gabriela Mota (Loja Teste)', 'gabriela.mota7@lojateste.com', '+55119901259', 'novo', 'meta', '{"tags": [], "notas": "seed:teste", "score": 50}', '2026-05-04 13:11:06.537632+00', '2026-05-04 13:11:06.537632+00'),
('28963e8e-e4ca-4b3b-a378-3ffa74afbc57', '44c9c3e4-3445-4f29-9c7f-ed85c8f25141', 'Felipe Alves (Loja Teste)', 'felipe.alves6@lojateste.com', '+55119901222', 'qualificado', 'google', '{"tags": [], "notas": "seed:teste", "score": 70}', '2026-05-04 13:11:06.537632+00', '2026-05-04 13:11:06.537632+00'),
('6d639b14-9008-4309-8300-38361fceb195', '44c9c3e4-3445-4f29-9c7f-ed85c8f25141', 'Eduarda Reis (Loja Teste)', 'eduarda.reis5@lojateste.com', '+55119901185', 'em_atendimento', 'tiktok', '{"tags": [], "notas": "seed:teste", "score": 50}', '2026-05-04 13:11:06.537632+00', '2026-05-04 13:11:06.537632+00'),
('b71cb96e-85c6-4875-86e6-56974a473d1e', '44c9c3e4-3445-4f29-9c7f-ed85c8f25141', 'Diego Lima (Loja Teste)', 'diego.lima4@lojateste.com', '+55119901148', 'convertido', 'meta', '{"tags": [], "notas": "seed:teste", "score": 50}', '2026-05-04 13:11:06.537632+00', '2026-05-04 13:11:06.537632+00'),
('b319acb2-c90d-4a0b-b846-93666d8e8b7a', '44c9c3e4-3445-4f29-9c7f-ed85c8f25141', 'Henrique Dias (Loja Teste)', 'henrique.dias8@lojateste.com', '+55119901296', 'convertido', 'tiktok', '{"tags": [], "notas": "seed:teste", "score": 20}', '2026-05-04 13:11:06.537632+00', '2026-05-04 13:11:06.537632+00'),
('cb3f2eb7-e8b1-48ba-bb48-83452886a3a5', '44c9c3e4-3445-4f29-9c7f-ed85c8f25141', 'Carla Souza (Loja Teste)', 'carla.souza3@lojateste.com', '+55119901111', 'novo', 'google', '{"tags": [], "notas": "seed:teste", "score": 90}', '2026-05-04 13:11:06.537632+00', '2026-05-04 13:11:06.537632+00'),
('c1feb57d-789f-44f1-8c01-4fe7a528bdee', '44c9c3e4-3445-4f29-9c7f-ed85c8f25141', 'Bruno Costa (Loja Teste)', 'bruno.costa2@lojateste.com', '+55119901074', 'qualificado', 'tiktok', '{"tags": [], "notas": "seed:teste", "score": 50}', '2026-05-04 13:11:06.537632+00', '2026-05-04 13:11:06.537632+00'),
('37564014-9e49-4b6a-a94d-89e7fef0f1b7', '44c9c3e4-3445-4f29-9c7f-ed85c8f25141', 'Ana Silva (Loja Teste)', 'ana.silva1@lojateste.com', '+55119901037', 'em_atendimento', 'meta', '{"tags": [], "notas": "seed:teste", "score": 50}', '2026-05-04 13:11:06.537632+00', '2026-05-04 13:11:06.537632+00'),
('2e424ca5-6d05-45fb-acb1-81c353fb4c75', 'f5e671fa-52c4-480c-a2fa-742cca97d395', 'Thiago Barros (Clínica Cleuza Canan)', 'thiago.barros20@clinicacleuzacanan.com', '+55119901740', 'convertido', 'tiktok', '{"tags": [], "notas": "seed:teste", "score": 30}', '2026-05-04 13:11:06.537632+00', '2026-05-04 13:11:06.537632+00'),
('dbc77fad-3697-4f5c-a966-2ade7860b417', 'f5e671fa-52c4-480c-a2fa-742cca97d395', 'Sofia Andrade (Clínica Cleuza Canan)', 'sofia.andrade19@clinicacleuzacanan.com', '+55119901703', 'novo', 'meta', '{"tags": [], "notas": "seed:teste", "score": 50}', '2026-05-04 13:11:06.537632+00', '2026-05-04 13:11:06.537632+00'),
('c7e60727-9c39-4055-80de-a1a8deb75d03', 'f5e671fa-52c4-480c-a2fa-742cca97d395', 'Rafael Moreira (Clínica Cleuza Canan)', 'rafael.moreira18@clinicacleuzacanan.com', '+55119901666', 'qualificado', 'google', '{"tags": [], "notas": "seed:teste", "score": 90}', '2026-05-04 13:11:06.537632+00', '2026-05-04 13:11:06.537632+00'),
('c8cf0b42-2798-4738-bcbb-ddad9be58a9b', 'f5e671fa-52c4-480c-a2fa-742cca97d395', 'Quésia Vidal (Clínica Cleuza Canan)', 'quésia.vidal17@clinicacleuzacanan.com', '+55119901629', 'em_atendimento', 'tiktok', '{"tags": [], "notas": "seed:teste", "score": 30}', '2026-05-04 13:11:06.537632+00', '2026-05-04 13:11:06.537632+00'),
('afda3949-a453-4ddb-93e7-0d2295bc9e9c', 'f5e671fa-52c4-480c-a2fa-742cca97d395', 'Paulo Rocha (Clínica Cleuza Canan)', 'paulo.rocha16@clinicacleuzacanan.com', '+55119901592', 'convertido', 'meta', '{"tags": [], "notas": "seed:teste", "score": 50}', '2026-05-04 13:11:06.537632+00', '2026-05-04 13:11:06.537632+00'),
('263a12f2-e769-40f4-bb15-2ecba86da718', 'f5e671fa-52c4-480c-a2fa-742cca97d395', 'Olívia Cardoso (Clínica Cleuza Canan)', 'olívia.cardoso15@clinicacleuzacanan.com', '+55119901555', 'novo', 'google', '{"tags": [], "notas": "seed:teste", "score": 90}', '2026-05-04 13:11:06.537632+00', '2026-05-04 13:11:06.537632+00'),
('122f738e-aa1e-4d0d-ae2f-ee6528e2cc06', 'f5e671fa-52c4-480c-a2fa-742cca97d395', 'Nicolas Braga (Clínica Cleuza Canan)', 'nicolas.braga14@clinicacleuzacanan.com', '+55119901518', 'qualificado', 'tiktok', '{"tags": [], "notas": "seed:teste", "score": 50}', '2026-05-04 13:11:06.537632+00', '2026-05-04 13:11:06.537632+00'),
('62264102-40f1-4f18-acf0-572392902020', 'f5e671fa-52c4-480c-a2fa-742cca97d395', 'Mariana Tavares (Clínica Cleuza Canan)', 'mariana.tavares13@clinicacleuzacanan.com', '+55119901481', 'em_atendimento', 'meta', '{"tags": [], "notas": "seed:teste", "score": 30}', '2026-05-04 13:11:06.537632+00', '2026-05-04 13:11:06.537632+00'),
('0a726342-a70b-415c-a37b-ee0df639f911', 'f5e671fa-52c4-480c-a2fa-742cca97d395', 'Lucas Ramos (Clínica Cleuza Canan)', 'lucas.ramos12@clinicacleuzacanan.com', '+55119901444', 'convertido', 'google', '{"tags": [], "notas": "seed:teste", "score": 70}', '2026-05-04 13:11:06.537632+00', '2026-05-04 13:11:06.537632+00'),
('b013f52d-5db5-4111-9a67-7205ddc4cebd', 'f5e671fa-52c4-480c-a2fa-742cca97d395', 'Karla Nunes (Clínica Cleuza Canan)', 'karla.nunes11@clinicacleuzacanan.com', '+55119901407', 'novo', 'tiktok', '{"tags": [], "notas": "seed:teste", "score": 50}', '2026-05-04 13:11:06.537632+00', '2026-05-04 13:11:06.537632+00'),
('9c426c52-e87e-4dc6-b07a-d267b00f795d', 'f5e671fa-52c4-480c-a2fa-742cca97d395', 'João Pereira (Clínica Cleuza Canan)', 'joão.pereira10@clinicacleuzacanan.com', '+55119901370', 'qualificado', 'meta', '{"tags": [], "notas": "seed:teste", "score": 50}', '2026-05-04 13:11:06.537632+00', '2026-05-04 13:11:06.537632+00'),
('baa93bdc-03f2-42ff-9f7f-8e9d17f5edcb', 'f5e671fa-52c4-480c-a2fa-742cca97d395', 'Isabela Pinto (Clínica Cleuza Canan)', 'isabela.pinto9@clinicacleuzacanan.com', '+55119901333', 'em_atendimento', 'google', '{"tags": [], "notas": "seed:teste", "score": 90}', '2026-05-04 13:11:06.537632+00', '2026-05-04 13:11:06.537632+00'),
('441e7b7c-07e7-43cc-8354-0b9cca3b404a', 'f5e671fa-52c4-480c-a2fa-742cca97d395', 'Henrique Dias (Clínica Cleuza Canan)', 'henrique.dias8@clinicacleuzacanan.com', '+55119901296', 'convertido', 'tiktok', '{"tags": [], "notas": "seed:teste", "score": 50}', '2026-05-04 13:11:06.537632+00', '2026-05-04 13:11:06.537632+00'),
('03eedd67-758f-49d5-bd13-6c2a431d37c2', 'f5e671fa-52c4-480c-a2fa-742cca97d395', 'Gabriela Mota (Clínica Cleuza Canan)', 'gabriela.mota7@clinicacleuzacanan.com', '+55119901259', 'novo', 'meta', '{"tags": [], "notas": "seed:teste", "score": 50}', '2026-05-04 13:11:06.537632+00', '2026-05-04 13:11:06.537632+00'),
('294cf871-738d-43d3-93ea-11ab78bafd72', 'f5e671fa-52c4-480c-a2fa-742cca97d395', 'Felipe Alves (Clínica Cleuza Canan)', 'felipe.alves6@clinicacleuzacanan.com', '+55119901222', 'qualificado', 'google', '{"tags": [], "notas": "seed:teste", "score": 90}', '2026-05-04 13:11:06.537632+00', '2026-05-04 13:11:06.537632+00'),
('023379df-21ae-468b-a43b-936af0ef276e', 'f5e671fa-52c4-480c-a2fa-742cca97d395', 'Eduarda Reis (Clínica Cleuza Canan)', 'eduarda.reis5@clinicacleuzacanan.com', '+55119901185', 'em_atendimento', 'tiktok', '{"tags": [], "notas": "seed:teste", "score": 30}', '2026-05-04 13:11:06.537632+00', '2026-05-04 13:11:06.537632+00'),
('b881301b-3768-4ce2-9a4a-f33b0f0665ae', 'f5e671fa-52c4-480c-a2fa-742cca97d395', 'Diego Lima (Clínica Cleuza Canan)', 'diego.lima4@clinicacleuzacanan.com', '+55119901148', 'convertido', 'meta', '{"tags": [], "notas": "seed:teste", "score": 30}', '2026-05-04 13:11:06.537632+00', '2026-05-04 13:11:06.537632+00'),
('73750f1b-06f4-4c1e-81bf-519e6a67706f', '4d9ab458-b246-453e-94ea-092247af61e0', 'Gabriela Mota (Empresa B2B)', 'gabriela.mota7@empresab2b.com', '+55119901259', 'novo', 'meta', '{"tags": [], "notas": "seed:teste", "score": 30}', '2026-05-04 13:11:06.537632+00', '2026-05-04 13:11:06.537632+00'),
('e14301c8-2e74-4acb-b79c-be71c0bcd041', 'f5e671fa-52c4-480c-a2fa-742cca97d395', 'Bruno Costa (Clínica Cleuza Canan)', 'bruno.costa2@clinicacleuzacanan.com', '+55119901074', 'qualificado', 'tiktok', '{"tags": [], "notas": "seed:teste", "score": 50}', '2026-05-04 13:11:06.537632+00', '2026-05-04 13:11:06.537632+00'),
('af9ebc75-c360-422b-ad99-ffc300108636', 'f5e671fa-52c4-480c-a2fa-742cca97d395', 'Ana Silva (Clínica Cleuza Canan)', 'ana.silva1@clinicacleuzacanan.com', '+55119901037', 'em_atendimento', 'meta', '{"tags": [], "notas": "seed:teste", "score": 50}', '2026-05-04 13:11:06.537632+00', '2026-05-04 13:11:06.537632+00'),
('95f3d550-9264-4f00-a886-3fd97fc03abf', 'f5e671fa-52c4-480c-a2fa-742cca97d395', 'Carla Souza (Clínica Cleuza Canan)', 'carla.souza3@clinicacleuzacanan.com', '+55119901111', 'novo', 'google', '{"tags": [], "notas": "seed:teste", "score": 70}', '2026-05-04 13:11:06.537632+00', '2026-05-04 13:11:06.537632+00'),
('53c62e38-91ab-4d32-b09d-a903a77fe13b', '4d9ab458-b246-453e-94ea-092247af61e0', 'Henrique Dias (Empresa B2B)', 'henrique.dias8@empresab2b.com', '+55119901296', 'convertido', 'tiktok', '{"tags": [], "notas": "seed:teste", "score": 50}', '2026-05-04 13:11:06.537632+00', '2026-05-04 13:11:06.537632+00'),
('0ad161a7-6e8d-4495-b5aa-add225c9dcff', '4d9ab458-b246-453e-94ea-092247af61e0', 'Isabela Pinto (Empresa B2B)', 'isabela.pinto9@empresab2b.com', '+55119901333', 'em_atendimento', 'google', '{"tags": [], "notas": "seed:teste", "score": 90}', '2026-05-04 13:11:06.537632+00', '2026-05-04 13:11:06.537632+00'),
('75db4e5d-4674-4d71-bbdf-f0cc95c41f00', '4d9ab458-b246-453e-94ea-092247af61e0', 'Felipe Alves (Empresa B2B)', 'felipe.alves6@empresab2b.com', '+55119901222', 'qualificado', 'google', '{"tags": [], "notas": "seed:teste", "score": 90}', '2026-05-04 13:11:06.537632+00', '2026-05-04 13:11:06.537632+00'),
('ffe46e76-2e39-410f-8e7b-384525b8eda9', '4d9ab458-b246-453e-94ea-092247af61e0', 'João Pereira (Empresa B2B)', 'joão.pereira10@empresab2b.com', '+55119901370', 'qualificado', 'meta', '{"tags": [], "notas": "seed:teste", "score": 50}', '2026-05-04 13:11:06.537632+00', '2026-05-04 13:11:06.537632+00'),
('f8caca5f-a205-4a82-8957-1e75997a3461', '4d9ab458-b246-453e-94ea-092247af61e0', 'Karla Nunes (Empresa B2B)', 'karla.nunes11@empresab2b.com', '+55119901407', 'novo', 'tiktok', '{"tags": [], "notas": "seed:teste", "score": 50}', '2026-05-04 13:11:06.537632+00', '2026-05-04 13:11:06.537632+00'),
('82109964-c218-409c-82d8-f9efe34d80f5', '4d9ab458-b246-453e-94ea-092247af61e0', 'Lucas Ramos (Empresa B2B)', 'lucas.ramos12@empresab2b.com', '+55119901444', 'convertido', 'google', '{"tags": [], "notas": "seed:teste", "score": 90}', '2026-05-04 13:11:06.537632+00', '2026-05-04 13:11:06.537632+00'),
('d3f2f0c9-4019-4a0b-a1d3-83a1e156d68e', '4d9ab458-b246-453e-94ea-092247af61e0', 'Mariana Tavares (Empresa B2B)', 'mariana.tavares13@empresab2b.com', '+55119901481', 'em_atendimento', 'meta', '{"tags": [], "notas": "seed:teste", "score": 50}', '2026-05-04 13:11:06.537632+00', '2026-05-04 13:11:06.537632+00'),
('497fd132-a2e1-47b4-80b8-becd21cf7bcf', '4d9ab458-b246-453e-94ea-092247af61e0', 'Eduarda Reis (Empresa B2B)', 'eduarda.reis5@empresab2b.com', '+55119901185', 'em_atendimento', 'tiktok', '{"tags": [], "notas": "seed:teste", "score": 50}', '2026-05-04 13:11:06.537632+00', '2026-05-04 13:11:06.537632+00'),
('6c04aa19-2df5-4737-8518-7d6711a8a9b3', '4d9ab458-b246-453e-94ea-092247af61e0', 'Diego Lima (Empresa B2B)', 'diego.lima4@empresab2b.com', '+55119901148', 'convertido', 'meta', '{"tags": [], "notas": "seed:teste", "score": 50}', '2026-05-04 13:11:06.537632+00', '2026-05-04 13:11:06.537632+00'),
('354747ed-9558-4f98-941c-979b83b6afdd', '4d9ab458-b246-453e-94ea-092247af61e0', 'Nicolas Braga (Empresa B2B)', 'nicolas.braga14@empresab2b.com', '+55119901518', 'qualificado', 'tiktok', '{"tags": [], "notas": "seed:teste", "score": 50}', '2026-05-04 13:11:06.537632+00', '2026-05-04 13:11:06.537632+00'),
('e03bed1d-467c-4300-9d22-2f24285f9c80', '4d9ab458-b246-453e-94ea-092247af61e0', 'Olívia Cardoso (Empresa B2B)', 'olívia.cardoso15@empresab2b.com', '+55119901555', 'novo', 'google', '{"tags": [], "notas": "seed:teste", "score": 90}', '2026-05-04 13:11:06.537632+00', '2026-05-04 13:11:06.537632+00'),
('484f9697-e025-478e-91b2-bef602954b69', '4d9ab458-b246-453e-94ea-092247af61e0', 'Carla Souza (Empresa B2B)', 'carla.souza3@empresab2b.com', '+55119901111', 'novo', 'google', '{"tags": [], "notas": "seed:teste", "score": 90}', '2026-05-04 13:11:06.537632+00', '2026-05-04 13:11:06.537632+00'),
('c0f5d48c-6924-4970-a98c-52d7eff85e18', '4d9ab458-b246-453e-94ea-092247af61e0', 'Paulo Rocha (Empresa B2B)', 'paulo.rocha16@empresab2b.com', '+55119901592', 'convertido', 'meta', '{"tags": [], "notas": "seed:teste", "score": 30}', '2026-05-04 13:11:06.537632+00', '2026-05-04 13:11:06.537632+00'),
('4db8fa86-4ef0-4d2f-b0ea-a0fc6abfd30b', '71c43468-8c41-4842-bf68-5994e41160b4', 'João Teste', 'joao.teste@email.com', '+5547999999999', 'novo', 'google_ads', '{"tags": ["gclid:teste-gclid-123", "utm_source:google", "utm_medium:cpc", "utm_campaign:campanha_teste", "canal:webchat"], "notas": "", "score": 0}', '2026-05-05 12:04:13.961488+00', '2026-05-05 12:04:13.961488+00');

-- conversas (143 registros)
INSERT INTO conversas (id, lead_id, canal_id, usuario_responsavel_id, status, criado_em, atualizado_em) VALUES
('e7b2c566-9e33-41fc-8e51-bb355e9f4d5b', '177c4111-bfc3-4d43-8673-4713987c643d', 'a2a395f8-4d3d-432e-b82c-92da623c50ba', NULL, 'fechada', '2026-03-23 04:52:16.551453+00', '2026-05-05 04:52:16.551453+00'),
('bca946a0-47c5-4145-85a6-34d212ae705c', 'e3e0bc49-caf8-42f9-a843-e23bee738774', 'a2a395f8-4d3d-432e-b82c-92da623c50ba', NULL, 'fechada', '2026-03-24 04:52:16.551453+00', '2026-05-05 04:52:16.551453+00'),
('41c71fd6-2c42-4314-b9a1-81ee9d36567f', 'bb839a35-50dc-46f5-b480-53bc01d44b36', 'a2a395f8-4d3d-432e-b82c-92da623c50ba', NULL, 'fechada', '2026-03-25 04:52:16.551453+00', '2026-05-05 04:52:16.551453+00'),
('bfed169f-3cca-42dc-b65b-12fdbc47345d', '1a86749e-ff19-4faf-8c6f-fcda580db8bf', 'a2a395f8-4d3d-432e-b82c-92da623c50ba', NULL, 'pendente', '2026-03-25 04:52:16.551453+00', '2026-05-05 04:52:16.551453+00'),
('52675e1f-ca56-42dc-881b-20466bf383c7', 'f7c8b8c4-58ec-4d13-b317-b75448c5e229', 'a2a395f8-4d3d-432e-b82c-92da623c50ba', NULL, 'pendente', '2026-03-26 04:52:16.551453+00', '2026-05-05 04:52:16.551453+00'),
('71a266e2-f2d0-4353-a986-8fd3c9d2454a', 'bb9bdcfe-9b9c-4928-adf9-fb395529d280', 'a2a395f8-4d3d-432e-b82c-92da623c50ba', NULL, 'fechada', '2026-03-26 04:52:16.551453+00', '2026-05-05 04:52:16.551453+00'),
('86d49d04-f5a0-495b-8812-e977db30a11b', 'cd94b3a9-86e1-42ed-b35a-b84baf07b8c3', 'a2a395f8-4d3d-432e-b82c-92da623c50ba', NULL, 'pendente', '2026-03-27 04:52:16.551453+00', '2026-05-05 04:52:16.551453+00'),
('b5159727-6038-4d73-b3a2-c91bbcd5c9b5', '74a68ebf-1953-4e11-b227-7960cd5f32cd', 'a2a395f8-4d3d-432e-b82c-92da623c50ba', NULL, 'aberta', '2026-03-27 04:52:16.551453+00', '2026-05-05 04:52:16.551453+00'),
('04bb3f83-b753-4b07-b0a9-af956d0d2987', '5e5c410b-95ca-40d5-97c4-7600e2b038f6', 'a2a395f8-4d3d-432e-b82c-92da623c50ba', NULL, 'aberta', '2026-03-28 04:52:16.551453+00', '2026-05-05 04:52:16.551453+00'),
('6af04414-13c7-49f8-8691-ef44955cbb86', 'a4643f3c-e147-4dca-bba2-7eff51e09bc6', 'a2a395f8-4d3d-432e-b82c-92da623c50ba', NULL, 'pendente', '2026-03-28 04:52:16.551453+00', '2026-05-05 04:52:16.551453+00'),
('f86e2ec6-cdc3-4483-a265-88845c85f839', 'd67a4368-df45-4132-9539-d1b8d8cf2456', 'a2a395f8-4d3d-432e-b82c-92da623c50ba', NULL, 'aberta', '2026-03-29 04:52:16.551453+00', '2026-05-05 04:52:16.551453+00'),
('eaeb057b-1d83-4ade-bd05-c2fdb6c4b341', '4ba56ceb-62b4-4294-945e-ea6e5e8841fb', 'a2a395f8-4d3d-432e-b82c-92da623c50ba', NULL, 'aberta', '2026-03-29 04:52:16.551453+00', '2026-05-05 04:52:16.551453+00'),
('53c5ad9c-35d8-498e-9bc5-f080469cdcba', 'ce5034f6-ae8a-4ec2-8f5f-6388f58b9c3a', 'a2a395f8-4d3d-432e-b82c-92da623c50ba', NULL, 'aberta', '2026-03-30 04:52:16.551453+00', '2026-05-05 04:52:16.551453+00'),
('cd682d8b-0733-47ab-aecc-7ef9ed494927', '35ef3b9c-1239-42e2-b5d3-0ae55c7aba19', 'a2a395f8-4d3d-432e-b82c-92da623c50ba', NULL, 'aberta', '2026-03-30 04:52:16.551453+00', '2026-05-05 04:52:16.551453+00'),
('cd1e123b-b2e6-469c-b202-83c09bc4c940', '3b309ed9-fce2-47b7-8d5d-d16c42fcc38b', 'a2a395f8-4d3d-432e-b82c-92da623c50ba', NULL, 'fechada', '2026-03-31 04:52:16.551453+00', '2026-05-05 04:52:16.551453+00'),
('545f4c63-82b8-4ae8-9ec6-392f459274bd', '9ac45b1b-8adb-42bf-b45a-1fd7a326e31b', 'a2a395f8-4d3d-432e-b82c-92da623c50ba', NULL, 'aberta', '2026-03-31 04:52:16.551453+00', '2026-05-05 04:52:16.551453+00'),
('5833d7bc-0d28-42c5-be31-ea95520100c5', '2b0e2704-9894-4743-842c-d9f78d6aa7e5', 'a2a395f8-4d3d-432e-b82c-92da623c50ba', NULL, 'aberta', '2026-04-01 04:52:16.551453+00', '2026-05-05 04:52:16.551453+00'),
('325c817d-7625-4f54-b05d-ac6b288e7597', '1e402fb8-55b5-4e4a-88ca-28e2599e80d5', 'a2a395f8-4d3d-432e-b82c-92da623c50ba', NULL, 'fechada', '2026-04-01 04:52:16.551453+00', '2026-05-05 04:52:16.551453+00'),
('16de98b9-7302-4501-8f7d-14533cc42000', '84667dba-aa2a-4d99-b318-fd4df7a6103c', 'a2a395f8-4d3d-432e-b82c-92da623c50ba', NULL, 'pendente', '2026-04-02 04:52:16.551453+00', '2026-05-05 04:52:16.551453+00'),
('3caf6c8f-0819-4afa-a95a-090a454f37ab', 'e0b038c0-386c-4c61-a036-62f25ed91c37', 'a2a395f8-4d3d-432e-b82c-92da623c50ba', NULL, 'fechada', '2026-04-02 04:52:16.551453+00', '2026-05-05 04:52:16.551453+00'),
('8a08108d-5cee-4650-b03c-31b9d909d58c', '07a8f583-8268-491e-a6e7-efd9d1d0e849', 'a2a395f8-4d3d-432e-b82c-92da623c50ba', NULL, 'pendente', '2026-04-03 04:52:16.551453+00', '2026-05-05 04:52:16.551453+00'),
('f6c2b9c3-eddc-4a9a-ba84-9f14c30af515', '278aa5cc-d322-4029-bf7c-b19ae79a670e', 'a2a395f8-4d3d-432e-b82c-92da623c50ba', NULL, 'fechada', '2026-04-03 04:52:16.551453+00', '2026-05-05 04:52:16.551453+00'),
('79af45f6-1c2a-42bd-a7a7-3daaff23b48a', 'bce10661-d9d6-48b6-b949-e0a9e8e43cac', 'a2a395f8-4d3d-432e-b82c-92da623c50ba', NULL, 'pendente', '2026-04-04 04:52:16.551453+00', '2026-05-05 04:52:16.551453+00'),
('9c909002-7fff-4a15-a030-4135d4ff0675', 'dcab8bbf-aa85-4f62-aa1e-67128914e5b2', 'a2a395f8-4d3d-432e-b82c-92da623c50ba', NULL, 'aberta', '2026-04-04 04:52:16.551453+00', '2026-05-05 04:52:16.551453+00'),
('9de12c1f-a06b-4d69-8e6b-37454b2d4b61', 'a64d27db-85c2-4e59-9352-96490390841e', 'a2a395f8-4d3d-432e-b82c-92da623c50ba', NULL, 'aberta', '2026-04-05 04:52:16.551453+00', '2026-05-05 04:52:16.551453+00'),
('7f232b57-1c29-4545-b3ee-defef24e0de1', 'c4e1c555-15d2-4b03-95fe-5c57542c6784', 'a2a395f8-4d3d-432e-b82c-92da623c50ba', NULL, 'pendente', '2026-04-05 04:52:16.551453+00', '2026-05-05 04:52:16.551453+00'),
('34bcdd37-488c-4253-acb9-67f78a629893', '528f8f09-47c0-486d-a274-6a0e1586a76b', 'a2a395f8-4d3d-432e-b82c-92da623c50ba', NULL, 'aberta', '2026-04-06 04:52:16.551453+00', '2026-05-05 04:52:16.551453+00'),
('e1b4a783-9c6a-4ce1-a36c-6d80e92a987f', '9e4728c2-389d-474b-85ef-ed748557bda4', 'a2a395f8-4d3d-432e-b82c-92da623c50ba', NULL, 'aberta', '2026-04-06 04:52:16.551453+00', '2026-05-05 04:52:16.551453+00'),
('b94d6229-b3c3-4cf5-b76d-3d5b2a249833', '63b83fe4-d518-406f-b84b-4d19e4c06fac', 'a2a395f8-4d3d-432e-b82c-92da623c50ba', NULL, 'aberta', '2026-04-07 04:52:16.551453+00', '2026-05-05 04:52:16.551453+00'),
('bc655090-f23a-4cdb-ac81-3f4574211a8b', 'd8f1120c-26a1-4e60-9f02-e0f9ea0cf49b', 'a2a395f8-4d3d-432e-b82c-92da623c50ba', NULL, 'aberta', '2026-04-07 04:52:16.551453+00', '2026-05-05 04:52:16.551453+00'),
('76234020-52d3-4a63-8e34-a874a720d618', 'd5c20169-e725-41d7-bfd6-c1cc32fcbe10', 'a2a395f8-4d3d-432e-b82c-92da623c50ba', NULL, 'fechada', '2026-04-08 04:52:16.551453+00', '2026-05-05 12:39:53.205664+00'),
('32a332ba-fc83-4f39-8324-a0acc7991132', '0f235081-1847-48dc-a12e-e2c1d46df155', 'a2a395f8-4d3d-432e-b82c-92da623c50ba', NULL, 'aberta', '2026-04-08 04:52:16.551453+00', '2026-05-05 04:52:16.551453+00'),
('fc28de28-ef38-4b72-a212-8129553a13d3', '64553bcb-7b2c-4afa-aa0a-49c2164be224', 'a2a395f8-4d3d-432e-b82c-92da623c50ba', NULL, 'fechada', '2026-04-09 04:52:16.551453+00', '2026-05-05 04:52:16.551453+00'),
('fabbf1fe-ba0a-4cb5-bb0b-c55bcde8ae14', 'c2a1072a-4211-4bce-b7ec-b6c967a77339', 'a2a395f8-4d3d-432e-b82c-92da623c50ba', NULL, 'aberta', '2026-04-09 04:52:16.551453+00', '2026-05-05 04:52:16.551453+00'),
('c26b4109-d184-419e-9d39-9ed5be33c83f', 'e17b55be-e38c-423a-93aa-5fe758b20bb8', 'a2a395f8-4d3d-432e-b82c-92da623c50ba', NULL, 'fechada', '2026-04-10 04:52:16.551453+00', '2026-05-05 04:52:16.551453+00'),
('2e02567c-eb65-4838-847f-5ca0741549b3', '9dded4d5-74ba-4205-a29f-06893f17897b', 'a2a395f8-4d3d-432e-b82c-92da623c50ba', NULL, 'pendente', '2026-04-10 04:52:16.551453+00', '2026-05-05 04:52:16.551453+00'),
('8a3754f8-0c0a-4526-a9b9-b22eb8c3b01d', '684c8fe3-6337-4583-baac-df12b3985598', 'a2a395f8-4d3d-432e-b82c-92da623c50ba', NULL, 'fechada', '2026-04-11 04:52:16.551453+00', '2026-05-05 04:52:16.551453+00'),
('1f9285a2-c0a3-4a71-8be0-90199e1e59f4', '4599a5db-79eb-400a-8a2a-64e348acc482', 'a2a395f8-4d3d-432e-b82c-92da623c50ba', NULL, 'pendente', '2026-04-11 04:52:16.551453+00', '2026-05-05 04:52:16.551453+00'),
('2c0bc148-ce30-4ce4-93ff-4fa529226dd7', '176859a0-646f-4b60-8715-e0eac5d7aabc', 'a2a395f8-4d3d-432e-b82c-92da623c50ba', NULL, 'aberta', '2026-04-12 04:52:16.551453+00', '2026-05-05 04:52:16.551453+00'),
('c5d3cb26-8600-4712-bf70-7caa7fbf6621', 'a977e64b-cb66-46af-9aa6-f4354ef374fa', 'a2a395f8-4d3d-432e-b82c-92da623c50ba', NULL, 'pendente', '2026-04-12 04:52:16.551453+00', '2026-05-05 04:52:16.551453+00'),
('2875f2bb-c84f-4ce8-be5b-169f41138de2', 'a9b5eef3-5229-4aec-9d73-0f47dca1aecb', 'a2a395f8-4d3d-432e-b82c-92da623c50ba', NULL, 'aberta', '2026-04-13 04:52:16.551453+00', '2026-05-05 04:52:16.551453+00'),
('ff698c2d-8cf4-48b6-ab72-6096e81272c6', '14501448-99d7-44f8-8434-68558cb3e727', 'a2a395f8-4d3d-432e-b82c-92da623c50ba', NULL, 'pendente', '2026-04-13 04:52:16.551453+00', '2026-05-05 04:52:16.551453+00'),
('4419cc4f-e647-4e5e-ac62-560438432634', '036d4de7-e96d-487e-a66f-636e24241851', 'a2a395f8-4d3d-432e-b82c-92da623c50ba', NULL, 'aberta', '2026-04-14 04:52:16.551453+00', '2026-05-05 04:52:16.551453+00'),
('0f9fd43b-690d-465f-a318-86af158753e8', 'b4b0aa20-c24b-4798-acf8-dfa91a3abae7', 'a2a395f8-4d3d-432e-b82c-92da623c50ba', NULL, 'aberta', '2026-04-14 04:52:16.551453+00', '2026-05-05 04:52:16.551453+00'),
('f4fc5a36-dd14-4657-b8c1-ed2c975fbf1d', '913010ff-4f15-4c8e-b21a-bc69b52e4a29', 'a2a395f8-4d3d-432e-b82c-92da623c50ba', NULL, 'aberta', '2026-04-15 04:52:16.551453+00', '2026-05-05 04:52:16.551453+00'),
('4ed7fd85-6420-45fb-a06a-8cd84bd678d3', '26641a4f-3695-46b2-9be9-b6dd3af5a53c', 'a2a395f8-4d3d-432e-b82c-92da623c50ba', NULL, 'aberta', '2026-04-15 04:52:16.551453+00', '2026-05-05 04:52:16.551453+00'),
('d30d9d05-9a3d-44b0-abe5-c0898883f8a5', '442043a4-481a-4f00-8e74-b5b9a8740204', 'a2a395f8-4d3d-432e-b82c-92da623c50ba', NULL, 'aberta', '2026-04-16 04:52:16.551453+00', '2026-05-05 04:52:16.551453+00'),
('f22b490c-bf59-4ed5-8234-ca13fdf3f222', '573cf121-9612-4de1-be0d-89b53e15db4f', 'a2a395f8-4d3d-432e-b82c-92da623c50ba', NULL, 'fechada', '2026-04-16 04:52:16.551453+00', '2026-05-05 12:31:32.896084+00'),
('d8ec2a74-ab51-4da6-a05c-f958b939c8d2', '6eb22a1b-a0da-4a3f-9e89-9cf39ae745c7', 'a2a395f8-4d3d-432e-b82c-92da623c50ba', NULL, 'fechada', '2026-04-17 04:52:16.551453+00', '2026-05-05 04:52:16.551453+00'),
('70a8262b-de71-4fd2-916a-4754b7773ddf', 'affce6aa-0fc0-419a-b58c-56342b128a1e', 'a2a395f8-4d3d-432e-b82c-92da623c50ba', NULL, 'aberta', '2026-04-17 04:52:16.551453+00', '2026-05-05 04:52:16.551453+00'),
('737b49b7-361c-4830-9d73-d47efeca5285', 'da555c97-0496-4e44-90a4-9a1dd2f77299', 'a2a395f8-4d3d-432e-b82c-92da623c50ba', NULL, 'fechada', '2026-04-18 04:52:16.551453+00', '2026-05-05 04:52:16.551453+00'),
('eb897edf-d92a-4e7f-aefe-3ba888b3b2ee', '0a52a98b-f6c7-49f9-9102-f8a8a77f4532', 'a2a395f8-4d3d-432e-b82c-92da623c50ba', NULL, 'pendente', '2026-04-18 04:52:16.551453+00', '2026-05-05 04:52:16.551453+00'),
('a7e58e50-ae7e-4d24-892c-adb801f74502', 'a8e62724-fe86-4f5a-a41a-d90dc40b43a3', 'a2a395f8-4d3d-432e-b82c-92da623c50ba', NULL, 'fechada', '2026-04-19 04:52:16.551453+00', '2026-05-05 04:52:16.551453+00'),
('cc09cdd1-d2da-429d-8a57-c713d7049b02', '8c6e430f-a7da-4c7f-a1a4-a4bbbdd83a50', 'a2a395f8-4d3d-432e-b82c-92da623c50ba', NULL, 'pendente', '2026-04-19 04:52:16.551453+00', '2026-05-05 04:52:16.551453+00'),
('de7b22a3-a942-4fbc-a1e6-56d79baf9b80', 'ae2464c9-793a-4654-a049-97ddff329300', 'a2a395f8-4d3d-432e-b82c-92da623c50ba', NULL, 'aberta', '2026-04-20 04:52:16.551453+00', '2026-05-05 04:52:16.551453+00'),
('121569f1-df2c-4d85-a255-f5d7976ef915', '9a9f43f5-698f-4111-8625-863643b46d20', 'a2a395f8-4d3d-432e-b82c-92da623c50ba', NULL, 'pendente', '2026-04-20 04:52:16.551453+00', '2026-05-05 04:52:16.551453+00'),
('6b160702-5928-4439-b720-8928e24aa6ee', '4b08d0db-f8e4-49e2-8b49-562cd96ecead', 'a2a395f8-4d3d-432e-b82c-92da623c50ba', NULL, 'aberta', '2026-04-21 04:52:16.551453+00', '2026-05-05 04:52:16.551453+00'),
('312cc7a0-1080-4a3e-8387-f97fb2d1a977', '30c6511c-9fcd-42a0-a1fd-061faa263bf8', 'a2a395f8-4d3d-432e-b82c-92da623c50ba', NULL, 'pendente', '2026-04-21 04:52:16.551453+00', '2026-05-05 04:52:16.551453+00'),
('a82cdf5f-e5fb-4618-8b7e-e9f7a668ca05', '09a82f1a-45bd-48a9-ab88-b98df0e98fc0', 'a2a395f8-4d3d-432e-b82c-92da623c50ba', NULL, 'aberta', '2026-04-22 04:52:16.551453+00', '2026-05-05 04:52:16.551453+00'),
('073a4ff4-1757-472f-b423-4ac3a042b0fa', 'bdb3554d-0c0b-483e-bc13-07ee7aa1f0fb', 'a2a395f8-4d3d-432e-b82c-92da623c50ba', NULL, 'aberta', '2026-04-22 04:52:16.551453+00', '2026-05-05 04:52:16.551453+00'),
('8205f6cc-4a4f-420d-a9d1-385ee7b0cef8', '9ad31a83-7106-414b-969a-106943444944', 'a2a395f8-4d3d-432e-b82c-92da623c50ba', NULL, 'aberta', '2026-04-23 04:52:16.551453+00', '2026-05-05 04:52:16.551453+00'),
('95a0e417-b831-4556-a90a-58d11c0d1c88', '9a1fd568-ca5d-4b51-bacb-124af6e1c8fd', 'a2a395f8-4d3d-432e-b82c-92da623c50ba', NULL, 'aberta', '2026-04-23 04:52:16.551453+00', '2026-05-05 04:52:16.551453+00'),
('f00bc8cd-22e3-42a5-a7d1-0838a1d75024', 'a779bd00-6fd2-4362-ae69-b0040411d57c', 'a2a395f8-4d3d-432e-b82c-92da623c50ba', NULL, 'fechada', '2026-04-24 04:52:16.551453+00', '2026-05-05 12:31:09.382948+00'),
('d0525e8e-cea8-409f-acfd-f157b727171e', 'aa86e57a-2ff9-430f-aa3a-af67840c53b2', 'a2a395f8-4d3d-432e-b82c-92da623c50ba', NULL, 'aberta', '2026-04-24 04:52:16.551453+00', '2026-05-05 04:52:16.551453+00'),
('59acc5cd-3b76-4813-b394-08b57545d741', 'a6100541-a13e-4f7f-ac21-5564767369e4', 'a2a395f8-4d3d-432e-b82c-92da623c50ba', NULL, 'aberta', '2026-04-25 04:52:16.551453+00', '2026-05-05 04:52:16.551453+00'),
('8f8ab829-2a50-4508-9956-2441ac4520af', 'd50d9e12-8f49-412e-9bae-7b9466afc2b4', 'a2a395f8-4d3d-432e-b82c-92da623c50ba', NULL, 'fechada', '2026-04-25 04:52:16.551453+00', '2026-05-05 04:52:16.551453+00'),
('1c343397-4e7f-4a0c-b1e9-f5a5ab5edca7', 'adcb0ed0-8f0a-4cfc-aa2b-72fcfae753b6', 'a2a395f8-4d3d-432e-b82c-92da623c50ba', NULL, 'pendente', '2026-04-26 04:52:16.551453+00', '2026-05-05 04:52:16.551453+00'),
('8c0eb775-2edf-4545-9d54-88f45a05c64a', 'cb3aba6f-4757-4074-bbf3-1ed484af0627', 'a2a395f8-4d3d-432e-b82c-92da623c50ba', NULL, 'fechada', '2026-04-26 04:52:16.551453+00', '2026-05-05 04:52:16.551453+00'),
('66684b2d-5770-48b0-b6cc-be6a5dafb99a', '7bc2fced-720c-4c53-82be-8739ae632866', 'a2a395f8-4d3d-432e-b82c-92da623c50ba', NULL, 'pendente', '2026-04-27 04:52:16.551453+00', '2026-05-05 04:52:16.551453+00'),
('20904026-3323-4089-aa70-51c84979e685', 'c328bbed-3535-4697-a039-24448fe8b4ec', 'a2a395f8-4d3d-432e-b82c-92da623c50ba', NULL, 'pendente', '2026-04-28 04:52:16.551453+00', '2026-05-05 04:52:16.551453+00'),
('6c55f3dc-89fe-4c3d-8cc1-d416a62d11be', '57605c94-7a19-40a0-9d4c-aaccaa2430b6', 'a2a395f8-4d3d-432e-b82c-92da623c50ba', NULL, 'aberta', '2026-04-28 04:52:16.551453+00', '2026-05-05 04:52:16.551453+00'),
('ad804d3c-44c7-43a3-ad61-4f35a88199e8', '470f1d73-7eb6-4bfc-853b-3a5971c5b9f6', 'a2a395f8-4d3d-432e-b82c-92da623c50ba', NULL, 'aberta', '2026-04-29 04:52:16.551453+00', '2026-05-05 04:52:16.551453+00'),
('a0102a0f-ca56-4c45-8906-54b929871848', '527444e7-6239-4dbe-9e4b-dda7a2df475d', 'a2a395f8-4d3d-432e-b82c-92da623c50ba', NULL, 'aberta', '2026-04-30 04:52:16.551453+00', '2026-05-05 04:52:16.551453+00'),
('8a091ba4-6114-4cd9-a856-c8e8fe9dbe20', '1c2f85c9-0ea2-40ad-9cea-25ef4f5e9544', 'a2a395f8-4d3d-432e-b82c-92da623c50ba', NULL, 'aberta', '2026-04-30 04:52:16.551453+00', '2026-05-05 04:52:16.551453+00'),
('1e1a2659-9b26-480d-9096-54e9a9c484f0', '313805cb-d599-4e53-8bb5-f2cb289170e1', 'a2a395f8-4d3d-432e-b82c-92da623c50ba', NULL, 'aberta', '2026-05-01 04:52:16.551453+00', '2026-05-05 04:52:16.551453+00'),
('b3eba6a1-3c20-41a2-8c3a-dd76c11f9a30', '3506319c-2808-4b7c-86c6-8b56325af7da', 'a2a395f8-4d3d-432e-b82c-92da623c50ba', NULL, 'aberta', '2026-05-02 04:52:16.551453+00', '2026-05-05 04:52:16.551453+00'),
('e7b87eed-1a61-4724-86ca-55b35cc4817e', 'd170a010-b6a5-4b73-b599-f6b760fcb0d4', 'a2a395f8-4d3d-432e-b82c-92da623c50ba', NULL, 'aberta', '2026-05-02 22:22:33.390865+00', '2026-05-02 22:22:33.390865+00'),
('ef3e2527-456a-4bf0-a20b-6c87afe19065', '36e1e40f-67ae-403a-98bc-6019404da704', 'a2a395f8-4d3d-432e-b82c-92da623c50ba', NULL, 'aberta', '2026-05-02 22:22:33.390865+00', '2026-05-02 22:22:33.390865+00'),
('6c2370f4-4381-4514-8c02-208189548247', 'b888efb9-6473-48d4-8e3e-534316c82a08', 'a2a395f8-4d3d-432e-b82c-92da623c50ba', NULL, 'aberta', '2026-05-02 22:22:33.390865+00', '2026-05-02 22:27:59.572985+00'),
('235cde4b-8ac9-4fae-be4e-a6e54d7c6d2c', 'c4d0b2a7-ac6d-4dc5-a748-d5fca02bd003', 'a2a395f8-4d3d-432e-b82c-92da623c50ba', NULL, 'aberta', '2026-05-02 22:22:33.390865+00', '2026-05-02 22:22:33.390865+00'),
('03e0f89b-b1c0-4fce-8b3f-c108ab881eff', '9277c49b-e68c-44da-82c3-078ed81ec7af', '0ed507d6-40e1-4799-a5c0-d5968d739c39', NULL, 'aberta', '2026-05-02 22:39:25.145685+00', '2026-05-02 22:39:25.390267+00'),
('008d4378-c4c3-40f6-b541-11f4982a1b5c', '205d4be5-1d36-41b0-8f85-19e6081a4673', '0ed507d6-40e1-4799-a5c0-d5968d739c39', NULL, 'aberta', '2026-05-02 22:44:28.014382+00', '2026-05-02 22:44:28.233512+00'),
('4e9aa671-5f9f-48ec-80c1-6ce475be8fec', 'b61aa7ba-bc59-44a3-8394-463ada40f4ed', '0ed507d6-40e1-4799-a5c0-d5968d739c39', NULL, 'aberta', '2026-05-02 23:15:14.059704+00', '2026-05-02 23:15:14.324095+00'),
('7b2e7035-a239-41a2-b9e5-78660e107fb5', '77c9fc43-ab38-408f-9560-45ad07388030', 'a2a395f8-4d3d-432e-b82c-92da623c50ba', NULL, 'aberta', '2026-05-04 13:11:06.537632+00', '2026-05-04 13:11:06.537632+00'),
('b9d0cb1c-b1c4-4eda-bba6-5a76e57b2d90', '9b8b5e39-5086-44c9-9a21-10afec17a5c2', 'a2a395f8-4d3d-432e-b82c-92da623c50ba', NULL, 'aberta', '2026-05-04 13:11:06.537632+00', '2026-05-04 13:11:06.537632+00'),
('171880f2-509b-48ad-8e63-777938d9f708', '4b763b5f-04b6-42ba-90fc-6c0608cfb663', 'a2a395f8-4d3d-432e-b82c-92da623c50ba', NULL, 'aberta', '2026-05-04 13:11:06.537632+00', '2026-05-04 13:11:06.537632+00'),
('df1425f0-ff4f-4575-998a-1aa9b169831b', 'acaf8f1a-73c0-4c9f-b27b-c63be2d650bb', 'a2a395f8-4d3d-432e-b82c-92da623c50ba', NULL, 'aberta', '2026-05-04 13:11:06.537632+00', '2026-05-04 13:11:06.537632+00'),
('a4649a52-4409-4d70-9724-ac88d53252a7', '52f8a805-5e1b-4b4e-a9cd-60f0e14831f2', 'a2a395f8-4d3d-432e-b82c-92da623c50ba', NULL, 'aberta', '2026-05-04 13:11:06.537632+00', '2026-05-04 13:11:06.537632+00'),
('4c8451e7-ef80-42bf-bc37-99fadca4888b', '7b0bd64a-491b-4f28-99ea-12bee1a30fd6', 'a2a395f8-4d3d-432e-b82c-92da623c50ba', NULL, 'aberta', '2026-05-04 13:11:06.537632+00', '2026-05-04 13:11:06.537632+00'),
('6da9edf1-af3b-471a-8fda-9642901489af', '7f8e4c7a-b4f0-4a21-be5e-2e4289932c2e', 'a2a395f8-4d3d-432e-b82c-92da623c50ba', NULL, 'aberta', '2026-05-04 13:11:06.537632+00', '2026-05-04 13:11:06.537632+00'),
('bc4763e5-05fc-4264-8b6c-0026c7bba567', 'bc66d979-2d64-4742-9e1d-ed9acd45308f', 'a2a395f8-4d3d-432e-b82c-92da623c50ba', NULL, 'aberta', '2026-05-04 13:11:06.537632+00', '2026-05-04 13:11:06.537632+00'),
('18dba65d-d12b-4003-83ce-8d2307d1acd5', '28963e8e-e4ca-4b3b-a378-3ffa74afbc57', 'a2a395f8-4d3d-432e-b82c-92da623c50ba', NULL, 'aberta', '2026-05-04 13:11:06.537632+00', '2026-05-04 13:11:06.537632+00'),
('b032a862-c626-4ca0-8635-a4a8407f1f54', '3358d5e8-8554-45cd-97b3-789f8b99d100', 'a2a395f8-4d3d-432e-b82c-92da623c50ba', NULL, 'pendente', '2026-05-04 13:11:06.537632+00', '2026-05-04 13:11:06.537632+00'),
('55770e9b-bb2c-42e4-b33a-cbb2c3487dc2', '6d639b14-9008-4309-8300-38361fceb195', 'a2a395f8-4d3d-432e-b82c-92da623c50ba', NULL, 'aberta', '2026-05-04 13:11:06.537632+00', '2026-05-04 13:11:06.537632+00'),
('f86f3f2c-2390-4ac2-a473-19539acb4e2c', 'b319acb2-c90d-4a0b-b846-93666d8e8b7a', 'a2a395f8-4d3d-432e-b82c-92da623c50ba', NULL, 'aberta', '2026-05-04 13:11:06.537632+00', '2026-05-12 01:19:08.514629+00'),
('ed546826-ebe9-4cde-9363-f4ad2ac0704e', 'b71cb96e-85c6-4875-86e6-56974a473d1e', 'a2a395f8-4d3d-432e-b82c-92da623c50ba', NULL, 'aberta', '2026-05-04 13:11:06.537632+00', '2026-05-04 13:11:06.537632+00'),
('89760cd5-66de-46fb-98a8-6d5ff19859bf', 'c1feb57d-789f-44f1-8c01-4fe7a528bdee', 'a2a395f8-4d3d-432e-b82c-92da623c50ba', NULL, 'aberta', '2026-05-04 13:11:06.537632+00', '2026-05-04 13:11:06.537632+00'),
('842fb524-d290-4dc2-8831-0bb8c57c88c4', '37564014-9e49-4b6a-a94d-89e7fef0f1b7', 'a2a395f8-4d3d-432e-b82c-92da623c50ba', NULL, 'aberta', '2026-05-04 13:11:06.537632+00', '2026-05-04 13:11:06.537632+00'),
('295dab45-0d4b-4893-b353-14267deb2f8b', '2e424ca5-6d05-45fb-acb1-81c353fb4c75', 'a2a395f8-4d3d-432e-b82c-92da623c50ba', NULL, 'aberta', '2026-05-04 13:11:06.537632+00', '2026-05-04 13:11:06.537632+00'),
('7d4a9940-44d1-4862-be85-1acf4dc96b21', 'dbc77fad-3697-4f5c-a966-2ade7860b417', 'a2a395f8-4d3d-432e-b82c-92da623c50ba', NULL, 'aberta', '2026-05-04 13:11:06.537632+00', '2026-05-04 13:11:06.537632+00'),
('8c8fac18-c683-452f-86e9-f801ea711300', 'c7e60727-9c39-4055-80de-a1a8deb75d03', 'a2a395f8-4d3d-432e-b82c-92da623c50ba', NULL, 'aberta', '2026-05-04 13:11:06.537632+00', '2026-05-04 13:11:06.537632+00'),
('7823deb7-f150-41b2-b504-e1e1d6824c14', 'c8cf0b42-2798-4738-bcbb-ddad9be58a9b', 'a2a395f8-4d3d-432e-b82c-92da623c50ba', NULL, 'aberta', '2026-05-04 13:11:06.537632+00', '2026-05-04 13:11:06.537632+00'),
('e721040e-6206-4e8c-8960-bb898386b4a3', 'afda3949-a453-4ddb-93e7-0d2295bc9e9c', 'a2a395f8-4d3d-432e-b82c-92da623c50ba', NULL, 'aberta', '2026-05-04 13:11:06.537632+00', '2026-05-04 13:11:06.537632+00'),
('4d42ef3a-b5ea-44c5-b108-3a991cf69633', '263a12f2-e769-40f4-bb15-2ecba86da718', 'a2a395f8-4d3d-432e-b82c-92da623c50ba', NULL, 'aberta', '2026-05-04 13:11:06.537632+00', '2026-05-04 13:11:06.537632+00'),
('644c520e-4575-464f-ade5-b9246eb88eb1', '122f738e-aa1e-4d0d-ae2f-ee6528e2cc06', 'a2a395f8-4d3d-432e-b82c-92da623c50ba', NULL, 'aberta', '2026-05-04 13:11:06.537632+00', '2026-05-04 13:11:06.537632+00'),
('9df67034-f1cf-453b-a2fc-9c087085f907', '62264102-40f1-4f18-acf0-572392902020', 'a2a395f8-4d3d-432e-b82c-92da623c50ba', NULL, 'aberta', '2026-05-04 13:11:06.537632+00', '2026-05-04 13:11:06.537632+00'),
('66ebac4a-0028-4ced-a703-d41788c4e32e', '0a726342-a70b-415c-a37b-ee0df639f911', 'a2a395f8-4d3d-432e-b82c-92da623c50ba', NULL, 'aberta', '2026-05-04 13:11:06.537632+00', '2026-05-04 13:11:06.537632+00'),
('e9d232b3-d9ec-4065-aad3-45b2fd510d59', 'cb3f2eb7-e8b1-48ba-bb48-83452886a3a5', 'a2a395f8-4d3d-432e-b82c-92da623c50ba', NULL, 'aberta', '2026-05-04 13:11:06.537632+00', '2026-05-04 13:11:06.537632+00'),
('3d8cc334-f97e-430d-897d-f2050fdc2142', 'b013f52d-5db5-4111-9a67-7205ddc4cebd', 'a2a395f8-4d3d-432e-b82c-92da623c50ba', NULL, 'aberta', '2026-05-04 13:11:06.537632+00', '2026-05-04 13:11:06.537632+00'),
('9269cb22-a3e7-412c-b830-7019c5886097', '9c426c52-e87e-4dc6-b07a-d267b00f795d', 'a2a395f8-4d3d-432e-b82c-92da623c50ba', NULL, 'aberta', '2026-05-04 13:11:06.537632+00', '2026-05-04 13:11:06.537632+00'),
('9ca97e70-66e6-49b1-9d9d-44193f6efe07', 'baa93bdc-03f2-42ff-9f7f-8e9d17f5edcb', 'a2a395f8-4d3d-432e-b82c-92da623c50ba', NULL, 'aberta', '2026-05-04 13:11:06.537632+00', '2026-05-04 13:11:06.537632+00'),
('9fa4b6e0-a367-42da-8665-f6e491232e2b', '441e7b7c-07e7-43cc-8354-0b9cca3b404a', 'a2a395f8-4d3d-432e-b82c-92da623c50ba', NULL, 'aberta', '2026-05-04 13:11:06.537632+00', '2026-05-04 13:11:06.537632+00'),
('59787b79-df67-43b8-bf74-ffd2207f473e', '03eedd67-758f-49d5-bd13-6c2a431d37c2', 'a2a395f8-4d3d-432e-b82c-92da623c50ba', NULL, 'aberta', '2026-05-04 13:11:06.537632+00', '2026-05-04 13:11:06.537632+00'),
('c699fa27-a9cf-492a-8a33-7281976a3c0f', '95f3d550-9264-4f00-a886-3fd97fc03abf', 'a2a395f8-4d3d-432e-b82c-92da623c50ba', NULL, 'aberta', '2026-05-04 13:11:06.537632+00', '2026-05-04 13:11:06.537632+00'),
('0333754e-16f9-4421-9c9b-b4956c498251', 'e14301c8-2e74-4acb-b79c-be71c0bcd041', 'a2a395f8-4d3d-432e-b82c-92da623c50ba', NULL, 'aberta', '2026-05-04 13:11:06.537632+00', '2026-05-04 13:11:06.537632+00'),
('56035e2a-7e69-484d-80a8-1d6b883e6a4b', 'af9ebc75-c360-422b-ad99-ffc300108636', 'a2a395f8-4d3d-432e-b82c-92da623c50ba', NULL, 'aberta', '2026-05-04 13:11:06.537632+00', '2026-05-04 13:11:06.537632+00'),
('b92dabf7-d12b-49b6-8e85-c7eed7db1683', '294cf871-738d-43d3-93ea-11ab78bafd72', 'a2a395f8-4d3d-432e-b82c-92da623c50ba', NULL, 'aberta', '2026-05-04 13:11:06.537632+00', '2026-05-04 13:11:06.537632+00'),
('8d397ee6-496f-4368-bed4-c70a3800b443', '73750f1b-06f4-4c1e-81bf-519e6a67706f', 'a2a395f8-4d3d-432e-b82c-92da623c50ba', NULL, 'aberta', '2026-05-04 13:11:06.537632+00', '2026-05-04 13:11:06.537632+00'),
('33e2a9ee-a39e-487d-a9e8-ccedba46cdf3', '023379df-21ae-468b-a43b-936af0ef276e', 'a2a395f8-4d3d-432e-b82c-92da623c50ba', NULL, 'aberta', '2026-05-04 13:11:06.537632+00', '2026-05-04 13:11:06.537632+00'),
('f1066d71-af0e-456e-86c3-3ee66f62e4ac', '53c62e38-91ab-4d32-b09d-a903a77fe13b', 'a2a395f8-4d3d-432e-b82c-92da623c50ba', NULL, 'aberta', '2026-05-04 13:11:06.537632+00', '2026-05-04 13:11:06.537632+00'),
('03947290-3cca-4044-95ea-ddad7681f6a9', '497fd132-a2e1-47b4-80b8-becd21cf7bcf', 'a2a395f8-4d3d-432e-b82c-92da623c50ba', NULL, 'aberta', '2026-05-04 13:11:06.537632+00', '2026-05-04 13:11:06.537632+00'),
('c83d2e75-8fc9-4c6b-b84e-c71389f3fc8f', 'd3f2f0c9-4019-4a0b-a1d3-83a1e156d68e', 'a2a395f8-4d3d-432e-b82c-92da623c50ba', NULL, 'aberta', '2026-05-04 13:11:06.537632+00', '2026-05-04 13:11:06.537632+00'),
('306586a3-41ba-4b71-89fc-f7d317d6decf', 'e03bed1d-467c-4300-9d22-2f24285f9c80', 'a2a395f8-4d3d-432e-b82c-92da623c50ba', NULL, 'aberta', '2026-05-04 13:11:06.537632+00', '2026-05-04 13:11:06.537632+00'),
('b7ba4490-9e0c-4e9f-a2f5-c8a7b3afa1fd', '4f39e4c4-f0e8-46f8-a1c7-81f802273030', 'a2a395f8-4d3d-432e-b82c-92da623c50ba', NULL, 'aberta', '2026-05-04 13:11:06.537632+00', '2026-05-04 13:11:06.537632+00'),
('a32cf6f1-4eb3-4a49-b1dc-52df1e4fa4ed', 'ffe46e76-2e39-410f-8e7b-384525b8eda9', 'a2a395f8-4d3d-432e-b82c-92da623c50ba', NULL, 'aberta', '2026-05-04 13:11:06.537632+00', '2026-05-04 13:11:06.537632+00'),
('31e37a5a-d83b-4b8c-947b-127cae854d6e', '75ffa694-ddc6-4939-970c-27fa7976029b', 'a2a395f8-4d3d-432e-b82c-92da623c50ba', NULL, 'aberta', '2026-05-04 13:11:06.537632+00', '2026-05-04 13:11:06.537632+00'),
('7b7640dd-34f4-4e62-af50-f5f752ba811e', 'f8caca5f-a205-4a82-8957-1e75997a3461', 'a2a395f8-4d3d-432e-b82c-92da623c50ba', NULL, 'aberta', '2026-05-04 13:11:06.537632+00', '2026-05-04 13:11:06.537632+00'),
('714c2571-f164-4e65-9eba-3ff5dfa0a4a9', '82109964-c218-409c-82d8-f9efe34d80f5', 'a2a395f8-4d3d-432e-b82c-92da623c50ba', NULL, 'aberta', '2026-05-04 13:11:06.537632+00', '2026-05-04 13:11:06.537632+00'),
('d7f114e2-7831-4440-8e30-29f43de06d85', '6c04aa19-2df5-4737-8518-7d6711a8a9b3', 'a2a395f8-4d3d-432e-b82c-92da623c50ba', NULL, 'aberta', '2026-05-04 13:11:06.537632+00', '2026-05-04 13:11:06.537632+00'),
('a06b95da-78fa-444e-8441-9d6e09fe208b', '354747ed-9558-4f98-941c-979b83b6afdd', 'a2a395f8-4d3d-432e-b82c-92da623c50ba', NULL, 'aberta', '2026-05-04 13:11:06.537632+00', '2026-05-04 13:11:06.537632+00'),
('ecfe8969-f877-4c0c-87e8-0c958fd90ddf', '1868407a-2310-41cb-a13c-b7a8ba0989c1', 'a2a395f8-4d3d-432e-b82c-92da623c50ba', NULL, 'aberta', '2026-05-04 13:11:06.537632+00', '2026-05-04 13:11:06.537632+00'),
('496e9b83-8e16-4f17-949d-c9f1cbfcca00', 'c0f5d48c-6924-4970-a98c-52d7eff85e18', 'a2a395f8-4d3d-432e-b82c-92da623c50ba', NULL, 'aberta', '2026-05-04 13:11:06.537632+00', '2026-05-04 13:11:06.537632+00'),
('a8074fc7-5dbc-4869-b165-6ff3bd6087ec', 'f6538448-aa86-430c-b039-a306398799e0', 'a2a395f8-4d3d-432e-b82c-92da623c50ba', NULL, 'aberta', '2026-05-04 13:11:06.537632+00', '2026-05-04 13:11:06.537632+00'),
('f38548ab-dc6e-4021-aa4f-edf85d1f3a67', '50c569d3-fba3-4a97-802c-1b4e9f640dc5', 'a2a395f8-4d3d-432e-b82c-92da623c50ba', NULL, 'aberta', '2026-05-04 13:11:06.537632+00', '2026-05-04 13:11:06.537632+00'),
('627d6f0c-026c-4d2d-aa62-7e2e30c2ddcb', 'f3969187-6fba-4b8c-b08c-f3316fdeae8d', 'a2a395f8-4d3d-432e-b82c-92da623c50ba', NULL, 'aberta', '2026-05-04 13:11:06.537632+00', '2026-05-04 13:11:06.537632+00'),
('697301b5-cae6-4cb7-8eb2-eb00cd3ef5bf', 'eeb3e6da-d17b-4a37-95fd-77552ab21b1f', 'a2a395f8-4d3d-432e-b82c-92da623c50ba', NULL, 'aberta', '2026-05-04 13:11:06.537632+00', '2026-05-04 13:11:06.537632+00'),
('d74644b5-c8f8-4e52-8f14-7745c941df80', '30a3c7ca-4c9d-4540-ba23-c2d4827e2139', 'a2a395f8-4d3d-432e-b82c-92da623c50ba', NULL, 'aberta', '2026-05-04 13:11:06.537632+00', '2026-05-04 13:11:06.537632+00'),
('ff3d6012-4d85-4a94-a360-090c714eeeff', 'a9ca4c77-c1db-4c26-ab56-ba2146a4afc9', 'a2a395f8-4d3d-432e-b82c-92da623c50ba', NULL, 'aberta', '2026-05-04 13:11:06.537632+00', '2026-05-04 13:11:06.537632+00'),
('b7605306-18f4-4800-8c78-0e0da8cfcc8f', '484f9697-e025-478e-91b2-bef602954b69', 'a2a395f8-4d3d-432e-b82c-92da623c50ba', NULL, 'aberta', '2026-05-04 13:11:06.537632+00', '2026-05-04 13:11:06.537632+00'),
('95ced674-94e9-459c-b359-ca79314f296e', '0ad161a7-6e8d-4495-b5aa-add225c9dcff', 'a2a395f8-4d3d-432e-b82c-92da623c50ba', NULL, 'aberta', '2026-05-04 13:11:06.537632+00', '2026-05-04 13:11:06.537632+00'),
('050778e3-1a29-42c7-9a65-9652040d822a', '75db4e5d-4674-4d71-bbdf-f0cc95c41f00', 'a2a395f8-4d3d-432e-b82c-92da623c50ba', NULL, 'aberta', '2026-05-04 13:11:06.537632+00', '2026-05-04 13:11:06.537632+00'),
('01d502e6-784b-49c1-bf37-5ea58690ac37', 'b881301b-3768-4ce2-9a4a-f33b0f0665ae', 'a2a395f8-4d3d-432e-b82c-92da623c50ba', NULL, 'aberta', '2026-05-04 13:11:06.537632+00', '2026-05-04 13:11:06.537632+00'),
('92024361-83fa-4104-a64f-ffd4bf4538eb', '81f0fae9-93ff-4b1c-bb6f-0d11a117d222', 'a2a395f8-4d3d-432e-b82c-92da623c50ba', NULL, 'aberta', '2026-05-04 13:11:06.537632+00', '2026-05-04 13:11:06.537632+00');

-- mensagens (432 registros)
INSERT INTO mensagens (id, conversa_id, usuario_id, direcao, conteudo, tipo_midia, url_midia, lida, criado_em) VALUES
('3ea2a1c2-00c8-4b6a-b057-9c4dfcd51202', 'e7b2c566-9e33-41fc-8e51-bb355e9f4d5b', NULL, 'entrada', 'Têm impermeabilização também?', NULL, NULL, TRUE, '2026-03-23 04:52:16.551453+00'),
('14e8d630-7ef0-47e1-8ba3-3dcc61db8803', 'e7b2c566-9e33-41fc-8e51-bb355e9f4d5b', NULL, 'saida', 'Posso já reservar seu horário?', NULL, NULL, TRUE, '2026-03-23 04:57:16.551453+00'),
('90a1701e-4ea7-4c17-9510-bb0dc4d89ded', 'e7b2c566-9e33-41fc-8e51-bb355e9f4d5b', NULL, 'entrada', 'Oi, quanto custa para limpar um sofá de 3 lugares?', NULL, NULL, FALSE, '2026-03-23 05:07:16.551453+00'),
('c5f0c1dd-67cb-4922-8b08-18c69072bf42', 'bca946a0-47c5-4145-85a6-34d212ae705c', NULL, 'entrada', 'Têm impermeabilização também?', NULL, NULL, TRUE, '2026-03-24 04:52:16.551453+00'),
('dab9883e-24a7-490f-971d-37c4f33a1aac', 'bca946a0-47c5-4145-85a6-34d212ae705c', NULL, 'saida', 'Posso já reservar seu horário?', NULL, NULL, TRUE, '2026-03-24 04:57:16.551453+00'),
('066e4ff1-13df-4b89-b981-ff544563e8a8', 'bca946a0-47c5-4145-85a6-34d212ae705c', NULL, 'entrada', 'Oi, quanto custa para limpar um sofá de 3 lugares?', NULL, NULL, FALSE, '2026-03-24 05:07:16.551453+00'),
('d86e7937-08d6-4492-85ff-0a1fb1d490dd', '41c71fd6-2c42-4314-b9a1-81ee9d36567f', NULL, 'entrada', 'Têm impermeabilização também?', NULL, NULL, TRUE, '2026-03-25 04:52:16.551453+00'),
('cb08b63c-72c0-4fae-8ebb-097150cb2cca', 'bfed169f-3cca-42dc-b65b-12fdbc47345d', NULL, 'entrada', 'O sofá fica cheirando a quê depois?', NULL, NULL, TRUE, '2026-03-25 04:52:16.551453+00'),
('c602cc48-3d5c-4884-8466-e563af67639a', 'bfed169f-3cca-42dc-b65b-12fdbc47345d', NULL, 'saida', 'Sim! A impermeabilização sai por R$ 480,00 e protege por 1 ano.', NULL, NULL, TRUE, '2026-03-25 04:57:16.551453+00'),
('f713aa78-0693-49da-92d5-71dbd5822add', '41c71fd6-2c42-4314-b9a1-81ee9d36567f', NULL, 'saida', 'Posso já reservar seu horário?', NULL, NULL, TRUE, '2026-03-25 04:57:16.551453+00'),
('dd7dd2e6-3b8e-4a4d-a56b-d90a38f9c02e', '41c71fd6-2c42-4314-b9a1-81ee9d36567f', NULL, 'entrada', 'Oi, quanto custa para limpar um sofá de 3 lugares?', NULL, NULL, FALSE, '2026-03-25 05:07:16.551453+00'),
('1bdaf970-712e-4c21-bc73-ae5a6e647662', 'bfed169f-3cca-42dc-b65b-12fdbc47345d', NULL, 'entrada', 'Têm impermeabilização também?', NULL, NULL, FALSE, '2026-03-25 05:07:16.551453+00'),
('7293ba57-8069-40f1-9a87-77eed862da5d', '52675e1f-ca56-42dc-881b-20466bf383c7', NULL, 'entrada', 'O sofá fica cheirando a quê depois?', NULL, NULL, TRUE, '2026-03-26 04:52:16.551453+00'),
('8a533108-b44f-4711-ac11-dbbc304b1ec5', '71a266e2-f2d0-4353-a986-8fd3c9d2454a', NULL, 'entrada', 'Tenho interesse no suporte mensal.', NULL, NULL, TRUE, '2026-03-26 04:52:16.551453+00'),
('1eb8ffdf-0411-428c-a032-7372da4c9a24', '52675e1f-ca56-42dc-881b-20466bf383c7', NULL, 'saida', 'Sim! A impermeabilização sai por R$ 480,00 e protege por 1 ano.', NULL, NULL, TRUE, '2026-03-26 04:57:16.551453+00'),
('83f9622d-a91c-49d1-8436-ea481a5e2eb3', '71a266e2-f2d0-4353-a986-8fd3c9d2454a', NULL, 'saida', 'Perfeito! Vou preparar uma proposta personalizada.', NULL, NULL, TRUE, '2026-03-26 04:57:16.551453+00'),
('47936142-307f-4c45-a842-358962a1c16f', '52675e1f-ca56-42dc-881b-20466bf383c7', NULL, 'entrada', 'Têm impermeabilização também?', NULL, NULL, FALSE, '2026-03-26 05:07:16.551453+00'),
('449ced94-b402-4939-959e-69d2e85bb85b', '71a266e2-f2d0-4353-a986-8fd3c9d2454a', NULL, 'entrada', 'Olá, gostaria de entender melhor a consultoria.', NULL, NULL, FALSE, '2026-03-26 05:07:16.551453+00'),
('1c49ed6f-398d-4335-9379-47d2ef74ad62', '86d49d04-f5a0-495b-8812-e977db30a11b', NULL, 'entrada', 'O sofá fica cheirando a quê depois?', NULL, NULL, TRUE, '2026-03-27 04:52:16.551453+00'),
('b2e70172-bf8d-42b1-9cd9-df4ada666f1d', 'b5159727-6038-4d73-b3a2-c91bbcd5c9b5', NULL, 'entrada', 'Posso agendar para sábado?', NULL, NULL, TRUE, '2026-03-27 04:52:16.551453+00'),
('4cb28f82-4193-4338-80fd-f880f8b53eea', '86d49d04-f5a0-495b-8812-e977db30a11b', NULL, 'saida', 'Sim! A impermeabilização sai por R$ 480,00 e protege por 1 ano.', NULL, NULL, TRUE, '2026-03-27 04:57:16.551453+00'),
('1a9183fd-29d6-4f63-b51f-eb77c1ba9d09', 'b5159727-6038-4d73-b3a2-c91bbcd5c9b5', NULL, 'saida', 'Usamos produtos sem cheiro forte e seguros para crianças/pets.', NULL, NULL, TRUE, '2026-03-27 04:57:16.551453+00'),
('eb9cfe4e-8ba7-415d-adb5-5c78ff0f77a9', 'b5159727-6038-4d73-b3a2-c91bbcd5c9b5', NULL, 'entrada', 'O sofá fica cheirando a quê depois?', NULL, NULL, FALSE, '2026-03-27 05:07:16.551453+00'),
('7db1f2d8-dc76-435a-8232-fc92d2841c5e', '86d49d04-f5a0-495b-8812-e977db30a11b', NULL, 'entrada', 'Têm impermeabilização também?', NULL, NULL, FALSE, '2026-03-27 05:07:16.551453+00'),
('bea57b27-93b6-492b-8128-abfb225d4e2c', '6af04414-13c7-49f8-8691-ef44955cbb86', NULL, 'entrada', 'Quanto tempo leva a implantação?', NULL, NULL, TRUE, '2026-03-28 04:52:16.551453+00'),
('3ee4f0ad-57cd-45fe-ba6a-47cbf47182de', '04bb3f83-b753-4b07-b0a9-af956d0d2987', NULL, 'entrada', 'Posso agendar para sábado?', NULL, NULL, TRUE, '2026-03-28 04:52:16.551453+00'),
('bb71f886-d780-484d-b570-7104427c3beb', '04bb3f83-b753-4b07-b0a9-af956d0d2987', NULL, 'saida', 'Usamos produtos sem cheiro forte e seguros para crianças/pets.', NULL, NULL, TRUE, '2026-03-28 04:57:16.551453+00'),
('09d4f70f-39bf-46c5-b7ea-09267852cd62', '6af04414-13c7-49f8-8691-ef44955cbb86', NULL, 'saida', 'A implantação típica leva entre 30 e 45 dias.', NULL, NULL, TRUE, '2026-03-28 04:57:16.551453+00'),
('fd259d93-d7e7-4bd4-9add-67340bbf217e', '04bb3f83-b753-4b07-b0a9-af956d0d2987', NULL, 'entrada', 'O sofá fica cheirando a quê depois?', NULL, NULL, FALSE, '2026-03-28 05:07:16.551453+00'),
('d85dfd15-329e-4188-9aa1-631690e72612', '6af04414-13c7-49f8-8691-ef44955cbb86', NULL, 'entrada', 'Tenho interesse no suporte mensal.', NULL, NULL, FALSE, '2026-03-28 05:07:16.551453+00'),
('b62a93b9-c3d5-461c-98dd-f26e1c670e2e', 'f86e2ec6-cdc3-4483-a265-88845c85f839', NULL, 'entrada', 'Vocês atendem aqui na minha região?', NULL, NULL, TRUE, '2026-03-29 04:52:16.551453+00'),
('a8bbdb6e-e4d2-402e-b829-2c67f0329ea9', 'eaeb057b-1d83-4ade-bd05-c2fdb6c4b341', NULL, 'entrada', 'Posso agendar para sábado?', NULL, NULL, TRUE, '2026-03-29 04:52:16.551453+00'),
('76ccfdf9-701a-40d9-81f7-76066f49de32', 'eaeb057b-1d83-4ade-bd05-c2fdb6c4b341', NULL, 'saida', 'Usamos produtos sem cheiro forte e seguros para crianças/pets.', NULL, NULL, TRUE, '2026-03-29 04:57:16.551453+00'),
('9e671ccc-b466-45ec-82d6-844ad41951ec', 'f86e2ec6-cdc3-4483-a265-88845c85f839', NULL, 'saida', 'Sim! Trabalhamos aos sábados. Qual horário prefere?', NULL, NULL, TRUE, '2026-03-29 04:57:16.551453+00'),
('17777a26-447d-45cb-a051-b182b67001aa', 'eaeb057b-1d83-4ade-bd05-c2fdb6c4b341', NULL, 'entrada', 'O sofá fica cheirando a quê depois?', NULL, NULL, FALSE, '2026-03-29 05:07:16.551453+00'),
('bf135987-d6e8-49f2-a5c6-a2e34d912afb', 'f86e2ec6-cdc3-4483-a265-88845c85f839', NULL, 'entrada', 'Posso agendar para sábado?', NULL, NULL, FALSE, '2026-03-29 05:07:16.551453+00'),
('67eaafe0-b174-4d0c-a188-f6a304df0742', 'cd682d8b-0733-47ab-aecc-7ef9ed494927', NULL, 'entrada', 'Pode me enviar uma proposta?', NULL, NULL, TRUE, '2026-03-30 04:52:16.551453+00'),
('ec13958d-81e6-4829-af35-461a60a96602', '53c5ad9c-35d8-498e-9bc5-f080469cdcba', NULL, 'entrada', 'Vocês atendem aqui na minha região?', NULL, NULL, TRUE, '2026-03-30 04:52:16.551453+00'),
('bad01670-f9d8-46f6-8a8e-7213258dcc23', 'cd682d8b-0733-47ab-aecc-7ef9ed494927', NULL, 'saida', 'Segue a proposta em anexo. Qualquer dúvida estou à disposição.', NULL, NULL, TRUE, '2026-03-30 04:57:16.551453+00'),
('fe6a7d9e-4653-4a8f-840d-58b42baac369', '53c5ad9c-35d8-498e-9bc5-f080469cdcba', NULL, 'saida', 'Sim! Trabalhamos aos sábados. Qual horário prefere?', NULL, NULL, TRUE, '2026-03-30 04:57:16.551453+00'),
('3a69aaab-d20c-4b56-b758-1b8dd622afc4', '53c5ad9c-35d8-498e-9bc5-f080469cdcba', NULL, 'entrada', 'Posso agendar para sábado?', NULL, NULL, FALSE, '2026-03-30 05:07:16.551453+00'),
('685bf419-e322-4800-86f1-5900c24d9067', 'cd682d8b-0733-47ab-aecc-7ef9ed494927', NULL, 'entrada', 'Quanto tempo leva a implantação?', NULL, NULL, FALSE, '2026-03-30 05:07:16.551453+00'),
('3dfc0e77-fce3-497f-8ded-9d278e60f65c', 'cd1e123b-b2e6-469c-b202-83c09bc4c940', NULL, 'entrada', 'Oi, quanto custa para limpar um sofá de 3 lugares?', NULL, NULL, TRUE, '2026-03-31 04:52:16.551453+00'),
('be0a2109-5382-48fa-9506-c34e3760c28e', '545f4c63-82b8-4ae8-9ec6-392f459274bd', NULL, 'entrada', 'Vocês atendem aqui na minha região?', NULL, NULL, TRUE, '2026-03-31 04:52:16.551453+00'),
('4d319888-4cdf-40f8-8ab0-21cefc2da219', '545f4c63-82b8-4ae8-9ec6-392f459274bd', NULL, 'saida', 'Sim! Trabalhamos aos sábados. Qual horário prefere?', NULL, NULL, TRUE, '2026-03-31 04:57:16.551453+00'),
('3fae44ec-0546-4ce7-8497-ffb0ccea136f', 'cd1e123b-b2e6-469c-b202-83c09bc4c940', NULL, 'saida', 'Olá! Sofá de 3 lugares fica R$ 320,00. Atendemos sua região 😊', NULL, NULL, TRUE, '2026-03-31 04:57:16.551453+00'),
('167061bc-53e0-4e14-bede-9e4fdea78e57', '545f4c63-82b8-4ae8-9ec6-392f459274bd', NULL, 'entrada', 'Posso agendar para sábado?', NULL, NULL, FALSE, '2026-03-31 05:07:16.551453+00'),
('9e4c76d8-9f91-405f-a0ba-7e72e52b00df', 'cd1e123b-b2e6-469c-b202-83c09bc4c940', NULL, 'entrada', 'Vocês atendem aqui na minha região?', NULL, NULL, FALSE, '2026-03-31 05:07:16.551453+00'),
('b48f15d6-965a-43bb-b6ed-efd212ff12f3', '5833d7bc-0d28-42c5-be31-ea95520100c5', NULL, 'entrada', 'Vocês atendem empresas de médio porte?', NULL, NULL, TRUE, '2026-04-01 04:52:16.551453+00'),
('197538bc-bd87-4bb4-be32-8ef4eff0d24c', '325c817d-7625-4f54-b05d-ac6b288e7597', NULL, 'entrada', 'Oi, quanto custa para limpar um sofá de 3 lugares?', NULL, NULL, TRUE, '2026-04-01 04:52:16.551453+00'),
('eb2e4cfd-7675-43bf-b814-62004be77fb5', '5833d7bc-0d28-42c5-be31-ea95520100c5', NULL, 'saida', 'Podemos agendar uma call esta semana?', NULL, NULL, TRUE, '2026-04-01 04:57:16.551453+00'),
('d1281fa0-4b1a-4610-9f42-595cb9e0148a', '325c817d-7625-4f54-b05d-ac6b288e7597', NULL, 'saida', 'Olá! Sofá de 3 lugares fica R$ 320,00. Atendemos sua região 😊', NULL, NULL, TRUE, '2026-04-01 04:57:16.551453+00'),
('41889d83-14a4-413d-ab5f-9a8974fc4c91', '325c817d-7625-4f54-b05d-ac6b288e7597', NULL, 'entrada', 'Vocês atendem aqui na minha região?', NULL, NULL, FALSE, '2026-04-01 05:07:16.551453+00'),
('4c86b16a-2301-455a-a445-dfc72e17290b', '5833d7bc-0d28-42c5-be31-ea95520100c5', NULL, 'entrada', 'Pode me enviar uma proposta?', NULL, NULL, FALSE, '2026-04-01 05:07:16.551453+00'),
('09379702-2f53-4954-beb2-94672468baae', '16de98b9-7302-4501-8f7d-14533cc42000', NULL, 'entrada', 'Têm impermeabilização também?', NULL, NULL, TRUE, '2026-04-02 04:52:16.551453+00'),
('5f2f1b08-33b6-45c3-806e-9a7b06de1457', '3caf6c8f-0819-4afa-a95a-090a454f37ab', NULL, 'entrada', 'Oi, quanto custa para limpar um sofá de 3 lugares?', NULL, NULL, TRUE, '2026-04-02 04:52:16.551453+00'),
('25ee502c-9baa-4a4e-b92e-7ce4b71a4c2b', '3caf6c8f-0819-4afa-a95a-090a454f37ab', NULL, 'saida', 'Olá! Sofá de 3 lugares fica R$ 320,00. Atendemos sua região 😊', NULL, NULL, TRUE, '2026-04-02 04:57:16.551453+00'),
('7fcd3b5b-c826-4b5d-83ac-3a1382c45ee3', '16de98b9-7302-4501-8f7d-14533cc42000', NULL, 'saida', 'Posso já reservar seu horário?', NULL, NULL, TRUE, '2026-04-02 04:57:16.551453+00'),
('f0fceab2-2b8a-4d28-950e-9b1d9c0cb3bc', '16de98b9-7302-4501-8f7d-14533cc42000', NULL, 'entrada', 'Oi, quanto custa para limpar um sofá de 3 lugares?', NULL, NULL, FALSE, '2026-04-02 05:07:16.551453+00'),
('4811f4fb-edca-4370-9841-b13ff8b60772', '3caf6c8f-0819-4afa-a95a-090a454f37ab', NULL, 'entrada', 'Vocês atendem aqui na minha região?', NULL, NULL, FALSE, '2026-04-02 05:07:16.551453+00'),
('7fe58df8-3429-4441-bddc-68f8888e1399', '8a08108d-5cee-4650-b03c-31b9d909d58c', NULL, 'entrada', 'Têm impermeabilização também?', NULL, NULL, TRUE, '2026-04-03 04:52:16.551453+00'),
('a1ccd4e6-babd-4cde-a47e-cdbcc57bbadd', 'f6c2b9c3-eddc-4a9a-ba84-9f14c30af515', NULL, 'entrada', 'Olá, gostaria de entender melhor a consultoria.', NULL, NULL, TRUE, '2026-04-03 04:52:16.551453+00'),
('5339906d-d795-4c89-9eda-857a025948ce', 'f6c2b9c3-eddc-4a9a-ba84-9f14c30af515', NULL, 'saida', 'Olá! Claro, vou te enviar nossa apresentação.', NULL, NULL, TRUE, '2026-04-03 04:57:16.551453+00'),
('1ca18e74-2934-4119-bd1f-c15afdb21d6c', '8a08108d-5cee-4650-b03c-31b9d909d58c', NULL, 'saida', 'Posso já reservar seu horário?', NULL, NULL, TRUE, '2026-04-03 04:57:16.551453+00'),
('0639d98f-da88-456a-b2d2-5031fced609b', '8a08108d-5cee-4650-b03c-31b9d909d58c', NULL, 'entrada', 'Oi, quanto custa para limpar um sofá de 3 lugares?', NULL, NULL, FALSE, '2026-04-03 05:07:16.551453+00'),
('ce58e232-ccaf-4e57-894b-35260cced376', 'f6c2b9c3-eddc-4a9a-ba84-9f14c30af515', NULL, 'entrada', 'Vocês atendem empresas de médio porte?', NULL, NULL, FALSE, '2026-04-03 05:07:16.551453+00'),
('d525e10d-8826-401e-9ba0-d6879b16ba06', '79af45f6-1c2a-42bd-a7a7-3daaff23b48a', NULL, 'entrada', 'Têm impermeabilização também?', NULL, NULL, TRUE, '2026-04-04 04:52:16.551453+00'),
('76c6fa65-0ca8-4563-8d03-c958ff2096a9', '9c909002-7fff-4a15-a030-4135d4ff0675', NULL, 'entrada', 'O sofá fica cheirando a quê depois?', NULL, NULL, TRUE, '2026-04-04 04:52:16.551453+00'),
('e5152bf8-8950-4fe5-92e7-47d953276a73', '9c909002-7fff-4a15-a030-4135d4ff0675', NULL, 'saida', 'Sim! A impermeabilização sai por R$ 480,00 e protege por 1 ano.', NULL, NULL, TRUE, '2026-04-04 04:57:16.551453+00'),
('ef9cb75f-c1aa-4dee-b506-bdf62d775ba2', '79af45f6-1c2a-42bd-a7a7-3daaff23b48a', NULL, 'saida', 'Posso já reservar seu horário?', NULL, NULL, TRUE, '2026-04-04 04:57:16.551453+00'),
('bb60a1c5-b352-4b30-85a3-346f52ade193', '79af45f6-1c2a-42bd-a7a7-3daaff23b48a', NULL, 'entrada', 'Oi, quanto custa para limpar um sofá de 3 lugares?', NULL, NULL, FALSE, '2026-04-04 05:07:16.551453+00'),
('15230e57-cc59-4fe4-b49a-30d01f23179d', '9c909002-7fff-4a15-a030-4135d4ff0675', NULL, 'entrada', 'Têm impermeabilização também?', NULL, NULL, FALSE, '2026-04-04 05:07:16.551453+00'),
('c30023d0-7a6c-42d9-95b3-79333bfdda47', '9de12c1f-a06b-4d69-8e6b-37454b2d4b61', NULL, 'entrada', 'O sofá fica cheirando a quê depois?', NULL, NULL, TRUE, '2026-04-05 04:52:16.551453+00'),
('33d40395-4910-4a20-b0df-331c7995a0e5', '7f232b57-1c29-4545-b3ee-defef24e0de1', NULL, 'entrada', 'Tenho interesse no suporte mensal.', NULL, NULL, TRUE, '2026-04-05 04:52:16.551453+00'),
('60ffe002-74fa-44c3-9360-cb4d2483941b', '7f232b57-1c29-4545-b3ee-defef24e0de1', NULL, 'saida', 'Perfeito! Vou preparar uma proposta personalizada.', NULL, NULL, TRUE, '2026-04-05 04:57:16.551453+00'),
('afcd1d9b-e515-4219-8c19-038836956def', '9de12c1f-a06b-4d69-8e6b-37454b2d4b61', NULL, 'saida', 'Sim! A impermeabilização sai por R$ 480,00 e protege por 1 ano.', NULL, NULL, TRUE, '2026-04-05 04:57:16.551453+00'),
('2cd43c49-2e84-4b65-9279-a3879d535604', '7f232b57-1c29-4545-b3ee-defef24e0de1', NULL, 'entrada', 'Olá, gostaria de entender melhor a consultoria.', NULL, NULL, FALSE, '2026-04-05 05:07:16.551453+00'),
('6fa5699f-3086-4e5a-b3c6-f5ed34052acd', '9de12c1f-a06b-4d69-8e6b-37454b2d4b61', NULL, 'entrada', 'Têm impermeabilização também?', NULL, NULL, FALSE, '2026-04-05 05:07:16.551453+00'),
('510e5265-6b7a-4413-bf0e-6712acc8935b', 'e1b4a783-9c6a-4ce1-a36c-6d80e92a987f', NULL, 'entrada', 'Posso agendar para sábado?', NULL, NULL, TRUE, '2026-04-06 04:52:16.551453+00'),
('8556eea1-e053-4ada-b48d-5fc24f4b27ec', '34bcdd37-488c-4253-acb9-67f78a629893', NULL, 'entrada', 'O sofá fica cheirando a quê depois?', NULL, NULL, TRUE, '2026-04-06 04:52:16.551453+00'),
('3bef2666-ab9f-417d-9f8a-14b9f0fdfc03', 'e1b4a783-9c6a-4ce1-a36c-6d80e92a987f', NULL, 'saida', 'Usamos produtos sem cheiro forte e seguros para crianças/pets.', NULL, NULL, TRUE, '2026-04-06 04:57:16.551453+00'),
('be6f68c5-e739-41a1-8208-0f64e0e99560', '34bcdd37-488c-4253-acb9-67f78a629893', NULL, 'saida', 'Sim! A impermeabilização sai por R$ 480,00 e protege por 1 ano.', NULL, NULL, TRUE, '2026-04-06 04:57:16.551453+00'),
('3c6fd8d5-6241-4c7b-8abe-c097c9c2e7e3', '34bcdd37-488c-4253-acb9-67f78a629893', NULL, 'entrada', 'Têm impermeabilização também?', NULL, NULL, FALSE, '2026-04-06 05:07:16.551453+00'),
('d10e94c2-06c2-4d9a-831a-2d56b9b61ec4', 'e1b4a783-9c6a-4ce1-a36c-6d80e92a987f', NULL, 'entrada', 'O sofá fica cheirando a quê depois?', NULL, NULL, FALSE, '2026-04-06 05:07:16.551453+00'),
('39edd02e-f091-452c-a5ac-f02b8de3c547', 'bc655090-f23a-4cdb-ac81-3f4574211a8b', NULL, 'entrada', 'Quanto tempo leva a implantação?', NULL, NULL, TRUE, '2026-04-07 04:52:16.551453+00'),
('9831235e-1756-4ecd-96b7-ee56563e0654', 'b94d6229-b3c3-4cf5-b76d-3d5b2a249833', NULL, 'entrada', 'Posso agendar para sábado?', NULL, NULL, TRUE, '2026-04-07 04:52:16.551453+00'),
('214132b0-1fc6-49be-ab91-03a6586ac90f', 'b94d6229-b3c3-4cf5-b76d-3d5b2a249833', NULL, 'saida', 'Usamos produtos sem cheiro forte e seguros para crianças/pets.', NULL, NULL, TRUE, '2026-04-07 04:57:16.551453+00'),
('68a6ea55-1f34-402d-b0e3-23f5f7b08d82', 'bc655090-f23a-4cdb-ac81-3f4574211a8b', NULL, 'saida', 'A implantação típica leva entre 30 e 45 dias.', NULL, NULL, TRUE, '2026-04-07 04:57:16.551453+00'),
('6acd6d8c-8b14-48fa-8df0-aec29e15d3c3', 'b94d6229-b3c3-4cf5-b76d-3d5b2a249833', NULL, 'entrada', 'O sofá fica cheirando a quê depois?', NULL, NULL, FALSE, '2026-04-07 05:07:16.551453+00'),
('5d32b5ff-0b78-4f7f-89df-1694ca405786', 'bc655090-f23a-4cdb-ac81-3f4574211a8b', NULL, 'entrada', 'Tenho interesse no suporte mensal.', NULL, NULL, FALSE, '2026-04-07 05:07:16.551453+00'),
('5ecc41d4-3411-4ea0-9176-2afa8158e278', '76234020-52d3-4a63-8e34-a874a720d618', NULL, 'entrada', 'Vocês atendem aqui na minha região?', NULL, NULL, TRUE, '2026-04-08 04:52:16.551453+00'),
('6db48834-f3f3-4610-9dce-9452625dd4d8', '32a332ba-fc83-4f39-8324-a0acc7991132', NULL, 'entrada', 'Posso agendar para sábado?', NULL, NULL, TRUE, '2026-04-08 04:52:16.551453+00'),
('0426d2c5-b936-4b6c-a786-3284603ec6c4', '32a332ba-fc83-4f39-8324-a0acc7991132', NULL, 'saida', 'Usamos produtos sem cheiro forte e seguros para crianças/pets.', NULL, NULL, TRUE, '2026-04-08 04:57:16.551453+00'),
('e6ee67af-1687-4492-9b89-9e8318dde627', '76234020-52d3-4a63-8e34-a874a720d618', NULL, 'saida', 'Sim! Trabalhamos aos sábados. Qual horário prefere?', NULL, NULL, TRUE, '2026-04-08 04:57:16.551453+00'),
('61a5e7c2-c088-4cc3-8887-6f67699e7b20', '76234020-52d3-4a63-8e34-a874a720d618', NULL, 'entrada', 'Posso agendar para sábado?', NULL, NULL, FALSE, '2026-04-08 05:07:16.551453+00'),
('f3f12f4f-d1bc-4989-8371-fce584f81de5', '32a332ba-fc83-4f39-8324-a0acc7991132', NULL, 'entrada', 'O sofá fica cheirando a quê depois?', NULL, NULL, FALSE, '2026-04-08 05:07:16.551453+00'),
('252d14fa-fefc-4e8d-b331-474b0e7ba3a1', 'fc28de28-ef38-4b72-a212-8129553a13d3', NULL, 'entrada', 'Vocês atendem aqui na minha região?', NULL, NULL, TRUE, '2026-04-09 04:52:16.551453+00'),
('10d9a8a3-e774-4e21-8fba-16ea300ccdc2', 'fabbf1fe-ba0a-4cb5-bb0b-c55bcde8ae14', NULL, 'entrada', 'Pode me enviar uma proposta?', NULL, NULL, TRUE, '2026-04-09 04:52:16.551453+00'),
('93b1f5c1-d5f6-40cb-acd0-abcbd9332866', 'fabbf1fe-ba0a-4cb5-bb0b-c55bcde8ae14', NULL, 'saida', 'Segue a proposta em anexo. Qualquer dúvida estou à disposição.', NULL, NULL, TRUE, '2026-04-09 04:57:16.551453+00'),
('e0d67c1d-785c-4810-9944-ec158acd3814', 'fc28de28-ef38-4b72-a212-8129553a13d3', NULL, 'saida', 'Sim! Trabalhamos aos sábados. Qual horário prefere?', NULL, NULL, TRUE, '2026-04-09 04:57:16.551453+00'),
('483c1b35-4db9-42f1-9c89-d974ae4d50c2', 'fc28de28-ef38-4b72-a212-8129553a13d3', NULL, 'entrada', 'Posso agendar para sábado?', NULL, NULL, FALSE, '2026-04-09 05:07:16.551453+00'),
('b9dc9622-623a-4aaa-be6b-38ce413da0ca', 'fabbf1fe-ba0a-4cb5-bb0b-c55bcde8ae14', NULL, 'entrada', 'Quanto tempo leva a implantação?', NULL, NULL, FALSE, '2026-04-09 05:07:16.551453+00'),
('90c2616c-d2af-4c6d-b195-edb26a4863bc', 'c26b4109-d184-419e-9d39-9ed5be33c83f', NULL, 'entrada', 'Vocês atendem aqui na minha região?', NULL, NULL, TRUE, '2026-04-10 04:52:16.551453+00'),
('6dc5b261-58e7-455d-b524-e5b6222992d7', '2e02567c-eb65-4838-847f-5ca0741549b3', NULL, 'entrada', 'Oi, quanto custa para limpar um sofá de 3 lugares?', NULL, NULL, TRUE, '2026-04-10 04:52:16.551453+00'),
('69f47f2a-b9d5-49d0-89e3-30f7dc23b051', 'c26b4109-d184-419e-9d39-9ed5be33c83f', NULL, 'saida', 'Sim! Trabalhamos aos sábados. Qual horário prefere?', NULL, NULL, TRUE, '2026-04-10 04:57:16.551453+00'),
('67708b33-ac33-4ca6-aeca-bf145cff8883', '2e02567c-eb65-4838-847f-5ca0741549b3', NULL, 'saida', 'Olá! Sofá de 3 lugares fica R$ 320,00. Atendemos sua região 😊', NULL, NULL, TRUE, '2026-04-10 04:57:16.551453+00'),
('f8d3779b-e004-445b-9c43-77eda2f86877', '2e02567c-eb65-4838-847f-5ca0741549b3', NULL, 'entrada', 'Vocês atendem aqui na minha região?', NULL, NULL, FALSE, '2026-04-10 05:07:16.551453+00'),
('6af58739-911b-4158-bd2f-ad77cc5a0631', 'c26b4109-d184-419e-9d39-9ed5be33c83f', NULL, 'entrada', 'Posso agendar para sábado?', NULL, NULL, FALSE, '2026-04-10 05:07:16.551453+00'),
('4e1fd961-3848-49d3-b1f0-b019f849a7e0', '8a3754f8-0c0a-4526-a9b9-b22eb8c3b01d', NULL, 'entrada', 'Vocês atendem empresas de médio porte?', NULL, NULL, TRUE, '2026-04-11 04:52:16.551453+00'),
('cc4f268a-b21c-4018-afda-f671ff6ea6bc', '1f9285a2-c0a3-4a71-8be0-90199e1e59f4', NULL, 'entrada', 'Oi, quanto custa para limpar um sofá de 3 lugares?', NULL, NULL, TRUE, '2026-04-11 04:52:16.551453+00'),
('7d1ec434-3aae-4db7-a799-aa08da31d0ae', '8a3754f8-0c0a-4526-a9b9-b22eb8c3b01d', NULL, 'saida', 'Podemos agendar uma call esta semana?', NULL, NULL, TRUE, '2026-04-11 04:57:16.551453+00'),
('fd171d52-b952-4492-9375-61934096858b', '1f9285a2-c0a3-4a71-8be0-90199e1e59f4', NULL, 'saida', 'Olá! Sofá de 3 lugares fica R$ 320,00. Atendemos sua região 😊', NULL, NULL, TRUE, '2026-04-11 04:57:16.551453+00'),
('3ce73f8f-2b15-4cbf-b089-c13b604ced1e', '1f9285a2-c0a3-4a71-8be0-90199e1e59f4', NULL, 'entrada', 'Vocês atendem aqui na minha região?', NULL, NULL, FALSE, '2026-04-11 05:07:16.551453+00'),
('e4a60081-fed7-4988-ac14-af3560d65492', '8a3754f8-0c0a-4526-a9b9-b22eb8c3b01d', NULL, 'entrada', 'Pode me enviar uma proposta?', NULL, NULL, FALSE, '2026-04-11 05:07:16.551453+00'),
('b82efe99-8238-47c0-a138-95317175f0dc', 'c5d3cb26-8600-4712-bf70-7caa7fbf6621', NULL, 'entrada', 'Oi, quanto custa para limpar um sofá de 3 lugares?', NULL, NULL, TRUE, '2026-04-12 04:52:16.551453+00'),
('5f99bd2c-237a-43dc-a80d-ed6ffb2eb34d', '2c0bc148-ce30-4ce4-93ff-4fa529226dd7', NULL, 'entrada', 'Têm impermeabilização também?', NULL, NULL, TRUE, '2026-04-12 04:52:16.551453+00'),
('19cd3790-2371-4a1c-a205-c19935870f4b', 'c5d3cb26-8600-4712-bf70-7caa7fbf6621', NULL, 'saida', 'Olá! Sofá de 3 lugares fica R$ 320,00. Atendemos sua região 😊', NULL, NULL, TRUE, '2026-04-12 04:57:16.551453+00'),
('be3bb9ff-bcc5-4869-af17-5e36f71e9478', '2c0bc148-ce30-4ce4-93ff-4fa529226dd7', NULL, 'saida', 'Posso já reservar seu horário?', NULL, NULL, TRUE, '2026-04-12 04:57:16.551453+00'),
('8953b7d6-6c26-4418-972c-bb8e288f6262', 'c5d3cb26-8600-4712-bf70-7caa7fbf6621', NULL, 'entrada', 'Vocês atendem aqui na minha região?', NULL, NULL, FALSE, '2026-04-12 05:07:16.551453+00'),
('1ee68fae-12fb-47be-999e-c4838718c6ea', '2c0bc148-ce30-4ce4-93ff-4fa529226dd7', NULL, 'entrada', 'Oi, quanto custa para limpar um sofá de 3 lugares?', NULL, NULL, FALSE, '2026-04-12 05:07:16.551453+00'),
('dba6917e-c32d-465c-8f6d-43e9af990844', '2875f2bb-c84f-4ce8-be5b-169f41138de2', NULL, 'entrada', 'Têm impermeabilização também?', NULL, NULL, TRUE, '2026-04-13 04:52:16.551453+00'),
('50f0a8c6-bcd1-4203-a14c-7d7fd62cdd06', 'ff698c2d-8cf4-48b6-ab72-6096e81272c6', NULL, 'entrada', 'Olá, gostaria de entender melhor a consultoria.', NULL, NULL, TRUE, '2026-04-13 04:52:16.551453+00'),
('d591b5b6-dbc7-4dec-ae8b-27724f09bc7f', 'ff698c2d-8cf4-48b6-ab72-6096e81272c6', NULL, 'saida', 'Olá! Claro, vou te enviar nossa apresentação.', NULL, NULL, TRUE, '2026-04-13 04:57:16.551453+00'),
('df4201a5-dc74-4383-8588-f3599e854842', '2875f2bb-c84f-4ce8-be5b-169f41138de2', NULL, 'saida', 'Posso já reservar seu horário?', NULL, NULL, TRUE, '2026-04-13 04:57:16.551453+00'),
('205f2a2d-d884-4a41-99ea-1e84294c5dd6', 'ff698c2d-8cf4-48b6-ab72-6096e81272c6', NULL, 'entrada', 'Vocês atendem empresas de médio porte?', NULL, NULL, FALSE, '2026-04-13 05:07:16.551453+00'),
('a7e1b561-407b-4d8b-b666-944b85adeb5e', '2875f2bb-c84f-4ce8-be5b-169f41138de2', NULL, 'entrada', 'Oi, quanto custa para limpar um sofá de 3 lugares?', NULL, NULL, FALSE, '2026-04-13 05:07:16.551453+00'),
('7d3c22ab-9655-48e6-a82d-c25cd15e219a', '4419cc4f-e647-4e5e-ac62-560438432634', NULL, 'entrada', 'O sofá fica cheirando a quê depois?', NULL, NULL, TRUE, '2026-04-14 04:52:16.551453+00'),
('1e894c6b-e311-402f-811c-1d1f7276f38e', '0f9fd43b-690d-465f-a318-86af158753e8', NULL, 'entrada', 'Têm impermeabilização também?', NULL, NULL, TRUE, '2026-04-14 04:52:16.551453+00'),
('a5d03626-52f9-4a78-92be-10ae3922b1e7', '4419cc4f-e647-4e5e-ac62-560438432634', NULL, 'saida', 'Sim! A impermeabilização sai por R$ 480,00 e protege por 1 ano.', NULL, NULL, TRUE, '2026-04-14 04:57:16.551453+00'),
('23fc020a-14c0-471a-94f3-dc8548181ab0', '0f9fd43b-690d-465f-a318-86af158753e8', NULL, 'saida', 'Posso já reservar seu horário?', NULL, NULL, TRUE, '2026-04-14 04:57:16.551453+00'),
('4a60e69f-0f7a-4327-a08c-6220fee05c95', '0f9fd43b-690d-465f-a318-86af158753e8', NULL, 'entrada', 'Oi, quanto custa para limpar um sofá de 3 lugares?', NULL, NULL, FALSE, '2026-04-14 05:07:16.551453+00'),
('3a3a836e-777a-4ac6-b248-a7be8d5e03d7', '4419cc4f-e647-4e5e-ac62-560438432634', NULL, 'entrada', 'Têm impermeabilização também?', NULL, NULL, FALSE, '2026-04-14 05:07:16.551453+00'),
('6e34b8ac-61dd-4434-a207-aff7b7fb16ca', 'f4fc5a36-dd14-4657-b8c1-ed2c975fbf1d', NULL, 'entrada', 'O sofá fica cheirando a quê depois?', NULL, NULL, TRUE, '2026-04-15 04:52:16.551453+00'),
('388aa181-184e-4bde-884c-9e57854db178', '4ed7fd85-6420-45fb-a06a-8cd84bd678d3', NULL, 'entrada', 'Tenho interesse no suporte mensal.', NULL, NULL, TRUE, '2026-04-15 04:52:16.551453+00'),
('c35a73e8-2aa5-4112-9241-25fca9ee65b2', 'f4fc5a36-dd14-4657-b8c1-ed2c975fbf1d', NULL, 'saida', 'Sim! A impermeabilização sai por R$ 480,00 e protege por 1 ano.', NULL, NULL, TRUE, '2026-04-15 04:57:16.551453+00'),
('2b5ffaf4-61c8-4834-b5bd-e654dc52950c', '4ed7fd85-6420-45fb-a06a-8cd84bd678d3', NULL, 'saida', 'Perfeito! Vou preparar uma proposta personalizada.', NULL, NULL, TRUE, '2026-04-15 04:57:16.551453+00'),
('9531dd81-b305-4002-9d8a-415ea2496f89', '4ed7fd85-6420-45fb-a06a-8cd84bd678d3', NULL, 'entrada', 'Olá, gostaria de entender melhor a consultoria.', NULL, NULL, FALSE, '2026-04-15 05:07:16.551453+00'),
('167a5d54-2669-43dd-acc9-e25758ce284b', 'f4fc5a36-dd14-4657-b8c1-ed2c975fbf1d', NULL, 'entrada', 'Têm impermeabilização também?', NULL, NULL, FALSE, '2026-04-15 05:07:16.551453+00'),
('99248ad2-ede1-4852-9e79-1e0a223cbd27', 'f22b490c-bf59-4ed5-8234-ca13fdf3f222', NULL, 'entrada', 'Posso agendar para sábado?', NULL, NULL, TRUE, '2026-04-16 04:52:16.551453+00'),
('17ce25ad-4215-4abd-99a0-b7399da1b258', 'd30d9d05-9a3d-44b0-abe5-c0898883f8a5', NULL, 'entrada', 'O sofá fica cheirando a quê depois?', NULL, NULL, TRUE, '2026-04-16 04:52:16.551453+00'),
('3f93e114-059e-437e-9c92-090de2cc0f62', 'f22b490c-bf59-4ed5-8234-ca13fdf3f222', NULL, 'saida', 'Usamos produtos sem cheiro forte e seguros para crianças/pets.', NULL, NULL, TRUE, '2026-04-16 04:57:16.551453+00'),
('60fc2744-d84d-4de6-b68b-09a02887adac', 'd30d9d05-9a3d-44b0-abe5-c0898883f8a5', NULL, 'saida', 'Sim! A impermeabilização sai por R$ 480,00 e protege por 1 ano.', NULL, NULL, TRUE, '2026-04-16 04:57:16.551453+00'),
('da20a3b6-7f42-4469-a8a0-d8eb940d2d21', 'f22b490c-bf59-4ed5-8234-ca13fdf3f222', NULL, 'entrada', 'O sofá fica cheirando a quê depois?', NULL, NULL, FALSE, '2026-04-16 05:07:16.551453+00'),
('afb799f8-afe3-4f29-a3d9-43ad657d3e34', 'd30d9d05-9a3d-44b0-abe5-c0898883f8a5', NULL, 'entrada', 'Têm impermeabilização também?', NULL, NULL, FALSE, '2026-04-16 05:07:16.551453+00'),
('368c53ea-ec2f-43ea-9fa6-0f2438ea9e7f', '70a8262b-de71-4fd2-916a-4754b7773ddf', NULL, 'entrada', 'Quanto tempo leva a implantação?', NULL, NULL, TRUE, '2026-04-17 04:52:16.551453+00'),
('91e8618d-caba-4af9-b5fb-9a62ce3cd941', 'd8ec2a74-ab51-4da6-a05c-f958b939c8d2', NULL, 'entrada', 'Posso agendar para sábado?', NULL, NULL, TRUE, '2026-04-17 04:52:16.551453+00'),
('c516982d-deac-4f47-8897-4ace283f42a8', '70a8262b-de71-4fd2-916a-4754b7773ddf', NULL, 'saida', 'A implantação típica leva entre 30 e 45 dias.', NULL, NULL, TRUE, '2026-04-17 04:57:16.551453+00'),
('ad13593c-47a2-4aee-b5a7-7dfa88d6ab8f', 'd8ec2a74-ab51-4da6-a05c-f958b939c8d2', NULL, 'saida', 'Usamos produtos sem cheiro forte e seguros para crianças/pets.', NULL, NULL, TRUE, '2026-04-17 04:57:16.551453+00'),
('83b4ea67-4e59-4b8f-b84b-c350e0c2f0eb', 'd8ec2a74-ab51-4da6-a05c-f958b939c8d2', NULL, 'entrada', 'O sofá fica cheirando a quê depois?', NULL, NULL, FALSE, '2026-04-17 05:07:16.551453+00'),
('4e3f6074-2463-46fc-9f1f-23441881a8e6', '70a8262b-de71-4fd2-916a-4754b7773ddf', NULL, 'entrada', 'Tenho interesse no suporte mensal.', NULL, NULL, FALSE, '2026-04-17 05:07:16.551453+00'),
('24be847f-e4e8-4710-91dc-54a7530f3e52', '737b49b7-361c-4830-9d73-d47efeca5285', NULL, 'entrada', 'Posso agendar para sábado?', NULL, NULL, TRUE, '2026-04-18 04:52:16.551453+00'),
('be22a2b9-16fd-4e1a-87a2-1c6ec96084bf', 'eb897edf-d92a-4e7f-aefe-3ba888b3b2ee', NULL, 'entrada', 'Vocês atendem aqui na minha região?', NULL, NULL, TRUE, '2026-04-18 04:52:16.551453+00'),
('222df9e0-a0ce-4f16-b799-987f13eb9316', 'eb897edf-d92a-4e7f-aefe-3ba888b3b2ee', NULL, 'saida', 'Sim! Trabalhamos aos sábados. Qual horário prefere?', NULL, NULL, TRUE, '2026-04-18 04:57:16.551453+00'),
('de3ab9e6-5dd5-40cf-8b1a-681c7c3785b8', '737b49b7-361c-4830-9d73-d47efeca5285', NULL, 'saida', 'Usamos produtos sem cheiro forte e seguros para crianças/pets.', NULL, NULL, TRUE, '2026-04-18 04:57:16.551453+00'),
('5831ed72-ed18-4eda-a8b0-b21a46949078', 'eb897edf-d92a-4e7f-aefe-3ba888b3b2ee', NULL, 'entrada', 'Posso agendar para sábado?', NULL, NULL, FALSE, '2026-04-18 05:07:16.551453+00'),
('6d21f432-8627-4513-abc7-bfb8637b0e59', '737b49b7-361c-4830-9d73-d47efeca5285', NULL, 'entrada', 'O sofá fica cheirando a quê depois?', NULL, NULL, FALSE, '2026-04-18 05:07:16.551453+00'),
('9f3b88e8-81c0-437e-a985-9bcf53f99f67', 'a7e58e50-ae7e-4d24-892c-adb801f74502', NULL, 'entrada', 'Pode me enviar uma proposta?', NULL, NULL, TRUE, '2026-04-19 04:52:16.551453+00'),
('8e11a243-b841-4f2b-b8ca-9bc8f418d1a3', 'cc09cdd1-d2da-429d-8a57-c713d7049b02', NULL, 'entrada', 'Vocês atendem aqui na minha região?', NULL, NULL, TRUE, '2026-04-19 04:52:16.551453+00'),
('fd0d0460-3a15-4091-9e3b-c4fec3819aa5', 'cc09cdd1-d2da-429d-8a57-c713d7049b02', NULL, 'saida', 'Sim! Trabalhamos aos sábados. Qual horário prefere?', NULL, NULL, TRUE, '2026-04-19 04:57:16.551453+00'),
('2c77ca63-d9fe-4e36-839e-bd13e6c07e7f', 'a7e58e50-ae7e-4d24-892c-adb801f74502', NULL, 'saida', 'Segue a proposta em anexo. Qualquer dúvida estou à disposição.', NULL, NULL, TRUE, '2026-04-19 04:57:16.551453+00'),
('a60a069d-01e1-4029-bf58-655bc73ff96c', 'a7e58e50-ae7e-4d24-892c-adb801f74502', NULL, 'entrada', 'Quanto tempo leva a implantação?', NULL, NULL, FALSE, '2026-04-19 05:07:16.551453+00'),
('ce50e823-69b0-4f4d-ba6f-f581cd259d7e', 'cc09cdd1-d2da-429d-8a57-c713d7049b02', NULL, 'entrada', 'Posso agendar para sábado?', NULL, NULL, FALSE, '2026-04-19 05:07:16.551453+00'),
('17282885-8c06-46b2-8e00-e6d5f26e9abf', 'de7b22a3-a942-4fbc-a1e6-56d79baf9b80', NULL, 'entrada', 'Oi, quanto custa para limpar um sofá de 3 lugares?', NULL, NULL, TRUE, '2026-04-20 04:52:16.551453+00'),
('9cd572eb-c03f-43dd-9510-587515e0afb5', '121569f1-df2c-4d85-a255-f5d7976ef915', NULL, 'entrada', 'Vocês atendem aqui na minha região?', NULL, NULL, TRUE, '2026-04-20 04:52:16.551453+00'),
('1db043dd-21ab-4b9e-89d9-46a20463c8e4', '121569f1-df2c-4d85-a255-f5d7976ef915', NULL, 'saida', 'Sim! Trabalhamos aos sábados. Qual horário prefere?', NULL, NULL, TRUE, '2026-04-20 04:57:16.551453+00'),
('e05c3aa2-b8cd-4232-b790-fc85dc2bdccc', 'de7b22a3-a942-4fbc-a1e6-56d79baf9b80', NULL, 'saida', 'Olá! Sofá de 3 lugares fica R$ 320,00. Atendemos sua região 😊', NULL, NULL, TRUE, '2026-04-20 04:57:16.551453+00'),
('4472c930-1ab6-4e4e-a463-bac72be75bf6', '121569f1-df2c-4d85-a255-f5d7976ef915', NULL, 'entrada', 'Posso agendar para sábado?', NULL, NULL, FALSE, '2026-04-20 05:07:16.551453+00'),
('f0d6529d-fd0e-4599-9777-222669f51fac', 'de7b22a3-a942-4fbc-a1e6-56d79baf9b80', NULL, 'entrada', 'Vocês atendem aqui na minha região?', NULL, NULL, FALSE, '2026-04-20 05:07:16.551453+00'),
('25d4cbb7-3839-4ee5-a92d-23a31196639e', '6b160702-5928-4439-b720-8928e24aa6ee', NULL, 'entrada', 'Oi, quanto custa para limpar um sofá de 3 lugares?', NULL, NULL, TRUE, '2026-04-21 04:52:16.551453+00'),
('0ec07187-86af-45f3-99a6-c50333943606', '312cc7a0-1080-4a3e-8387-f97fb2d1a977', NULL, 'entrada', 'Vocês atendem empresas de médio porte?', NULL, NULL, TRUE, '2026-04-21 04:52:16.551453+00'),
('09b0640e-2e59-404a-808e-dfc4579afd93', '312cc7a0-1080-4a3e-8387-f97fb2d1a977', NULL, 'saida', 'Podemos agendar uma call esta semana?', NULL, NULL, TRUE, '2026-04-21 04:57:16.551453+00'),
('20bd9f80-42e3-47e5-a5ca-625c793c885d', '6b160702-5928-4439-b720-8928e24aa6ee', NULL, 'saida', 'Olá! Sofá de 3 lugares fica R$ 320,00. Atendemos sua região 😊', NULL, NULL, TRUE, '2026-04-21 04:57:16.551453+00'),
('df7fd93e-3fac-4a71-80b7-52cc87073d42', '6b160702-5928-4439-b720-8928e24aa6ee', NULL, 'entrada', 'Vocês atendem aqui na minha região?', NULL, NULL, FALSE, '2026-04-21 05:07:16.551453+00'),
('d85d989e-b502-4577-bc45-f2bd3bf16beb', '312cc7a0-1080-4a3e-8387-f97fb2d1a977', NULL, 'entrada', 'Pode me enviar uma proposta?', NULL, NULL, FALSE, '2026-04-21 05:07:16.551453+00'),
('159fb975-1588-4d5d-b5e4-41418f952c40', '073a4ff4-1757-472f-b423-4ac3a042b0fa', NULL, 'entrada', 'Oi, quanto custa para limpar um sofá de 3 lugares?', NULL, NULL, TRUE, '2026-04-22 04:52:16.551453+00'),
('998bd1f9-6f95-4cf7-b831-6b27b97aa071', 'a82cdf5f-e5fb-4618-8b7e-e9f7a668ca05', NULL, 'entrada', 'Têm impermeabilização também?', NULL, NULL, TRUE, '2026-04-22 04:52:16.551453+00'),
('a31b1bfe-5569-421b-b325-93ff709c5cd9', 'a82cdf5f-e5fb-4618-8b7e-e9f7a668ca05', NULL, 'saida', 'Posso já reservar seu horário?', NULL, NULL, TRUE, '2026-04-22 04:57:16.551453+00'),
('3b4e5abf-9d3a-46cf-ad3f-9152e4353d24', '073a4ff4-1757-472f-b423-4ac3a042b0fa', NULL, 'saida', 'Olá! Sofá de 3 lugares fica R$ 320,00. Atendemos sua região 😊', NULL, NULL, TRUE, '2026-04-22 04:57:16.551453+00'),
('bfc1b803-4a36-434f-940e-6c82cfed0d71', 'a82cdf5f-e5fb-4618-8b7e-e9f7a668ca05', NULL, 'entrada', 'Oi, quanto custa para limpar um sofá de 3 lugares?', NULL, NULL, FALSE, '2026-04-22 05:07:16.551453+00'),
('a38c896b-2073-4a07-bac3-3d8b8755ff74', '073a4ff4-1757-472f-b423-4ac3a042b0fa', NULL, 'entrada', 'Vocês atendem aqui na minha região?', NULL, NULL, FALSE, '2026-04-22 05:07:16.551453+00'),
('20eb0a72-3b11-421a-8448-23342072711f', '95a0e417-b831-4556-a90a-58d11c0d1c88', NULL, 'entrada', 'Têm impermeabilização também?', NULL, NULL, TRUE, '2026-04-23 04:52:16.551453+00'),
('6c1298b6-738d-4e29-b299-00f2df5e88ea', '8205f6cc-4a4f-420d-a9d1-385ee7b0cef8', NULL, 'entrada', 'Olá, gostaria de entender melhor a consultoria.', NULL, NULL, TRUE, '2026-04-23 04:52:16.551453+00'),
('922d4864-b101-40b3-8c5b-82c756d0d05a', '8205f6cc-4a4f-420d-a9d1-385ee7b0cef8', NULL, 'saida', 'Olá! Claro, vou te enviar nossa apresentação.', NULL, NULL, TRUE, '2026-04-23 04:57:16.551453+00'),
('a86158ce-afd1-4c01-80dd-0f784a64ec48', '95a0e417-b831-4556-a90a-58d11c0d1c88', NULL, 'saida', 'Posso já reservar seu horário?', NULL, NULL, TRUE, '2026-04-23 04:57:16.551453+00'),
('cff763ed-f215-4822-95d8-c1635604d62d', '8205f6cc-4a4f-420d-a9d1-385ee7b0cef8', NULL, 'entrada', 'Vocês atendem empresas de médio porte?', NULL, NULL, FALSE, '2026-04-23 05:07:16.551453+00'),
('57826bb3-1694-4cfb-ac36-72a799c43468', '95a0e417-b831-4556-a90a-58d11c0d1c88', NULL, 'entrada', 'Oi, quanto custa para limpar um sofá de 3 lugares?', NULL, NULL, FALSE, '2026-04-23 05:07:16.551453+00'),
('24651662-b455-40d7-a059-fd418038cec6', 'f00bc8cd-22e3-42a5-a7d1-0838a1d75024', NULL, 'entrada', 'O sofá fica cheirando a quê depois?', NULL, NULL, TRUE, '2026-04-24 04:52:16.551453+00'),
('e0288656-5212-447c-a5fe-8daa8096e1e0', 'd0525e8e-cea8-409f-acfd-f157b727171e', NULL, 'entrada', 'Têm impermeabilização também?', NULL, NULL, TRUE, '2026-04-24 04:52:16.551453+00'),
('aa4a9646-7407-4dc3-9e14-3b83c5e390c2', 'd0525e8e-cea8-409f-acfd-f157b727171e', NULL, 'saida', 'Posso já reservar seu horário?', NULL, NULL, TRUE, '2026-04-24 04:57:16.551453+00'),
('93348909-fd20-4326-8d00-4fa3831467e7', 'f00bc8cd-22e3-42a5-a7d1-0838a1d75024', NULL, 'saida', 'Sim! A impermeabilização sai por R$ 480,00 e protege por 1 ano.', NULL, NULL, TRUE, '2026-04-24 04:57:16.551453+00'),
('b6c162f5-0794-44b4-95af-739fc7f0689e', 'f00bc8cd-22e3-42a5-a7d1-0838a1d75024', NULL, 'entrada', 'Têm impermeabilização também?', NULL, NULL, FALSE, '2026-04-24 05:07:16.551453+00'),
('916b7f6f-9a32-4337-aa25-669ca3033de6', 'd0525e8e-cea8-409f-acfd-f157b727171e', NULL, 'entrada', 'Oi, quanto custa para limpar um sofá de 3 lugares?', NULL, NULL, FALSE, '2026-04-24 05:07:16.551453+00'),
('582d1ac6-160b-4d00-8229-fc08ea557587', '59acc5cd-3b76-4813-b394-08b57545d741', NULL, 'entrada', 'Tenho interesse no suporte mensal.', NULL, NULL, TRUE, '2026-04-25 04:52:16.551453+00'),
('9aa59ff2-6755-405a-bd2a-b951a06298c1', '8f8ab829-2a50-4508-9956-2441ac4520af', NULL, 'entrada', 'O sofá fica cheirando a quê depois?', NULL, NULL, TRUE, '2026-04-25 04:52:16.551453+00'),
('01e95ffb-55a8-4a2c-9e37-649605e300ed', '59acc5cd-3b76-4813-b394-08b57545d741', NULL, 'saida', 'Perfeito! Vou preparar uma proposta personalizada.', NULL, NULL, TRUE, '2026-04-25 04:57:16.551453+00'),
('e64d4d9b-3e9c-4e66-966b-e3dc9f86c917', '8f8ab829-2a50-4508-9956-2441ac4520af', NULL, 'saida', 'Sim! A impermeabilização sai por R$ 480,00 e protege por 1 ano.', NULL, NULL, TRUE, '2026-04-25 04:57:16.551453+00'),
('124f092b-4d66-4d84-8b7b-b399ea6dd843', '59acc5cd-3b76-4813-b394-08b57545d741', NULL, 'entrada', 'Olá, gostaria de entender melhor a consultoria.', NULL, NULL, FALSE, '2026-04-25 05:07:16.551453+00'),
('277bdb6e-87da-430c-b47c-54f90148702d', '8f8ab829-2a50-4508-9956-2441ac4520af', NULL, 'entrada', 'Têm impermeabilização também?', NULL, NULL, FALSE, '2026-04-25 05:07:16.551453+00'),
('17ccbc09-7a10-40b6-9511-89e2cc6ed75c', '1c343397-4e7f-4a0c-b1e9-f5a5ab5edca7', NULL, 'entrada', 'Posso agendar para sábado?', NULL, NULL, TRUE, '2026-04-26 04:52:16.551453+00'),
('5e3a258b-63f3-427a-803a-268cf155af87', '8c0eb775-2edf-4545-9d54-88f45a05c64a', NULL, 'entrada', 'O sofá fica cheirando a quê depois?', NULL, NULL, TRUE, '2026-04-26 04:52:16.551453+00'),
('447a9491-def8-4559-a62e-d2eed37826d2', '8c0eb775-2edf-4545-9d54-88f45a05c64a', NULL, 'saida', 'Sim! A impermeabilização sai por R$ 480,00 e protege por 1 ano.', NULL, NULL, TRUE, '2026-04-26 04:57:16.551453+00'),
('1e5f1497-2530-47dd-a392-822e343c36f4', '1c343397-4e7f-4a0c-b1e9-f5a5ab5edca7', NULL, 'saida', 'Usamos produtos sem cheiro forte e seguros para crianças/pets.', NULL, NULL, TRUE, '2026-04-26 04:57:16.551453+00'),
('3a3d63c0-7b75-4e7f-9f26-37e6a287a316', '8c0eb775-2edf-4545-9d54-88f45a05c64a', NULL, 'entrada', 'Têm impermeabilização também?', NULL, NULL, FALSE, '2026-04-26 05:07:16.551453+00'),
('f5dcce88-cb90-4973-870b-74f6c280948b', '1c343397-4e7f-4a0c-b1e9-f5a5ab5edca7', NULL, 'entrada', 'O sofá fica cheirando a quê depois?', NULL, NULL, FALSE, '2026-04-26 05:07:16.551453+00'),
('3ec4575a-ee9a-4a0c-992c-01e6323638a7', '66684b2d-5770-48b0-b6cc-be6a5dafb99a', NULL, 'entrada', 'Posso agendar para sábado?', NULL, NULL, TRUE, '2026-04-27 04:52:16.551453+00'),
('fb2ba033-4cf6-4c6f-b08c-3a153ad284a2', '66684b2d-5770-48b0-b6cc-be6a5dafb99a', NULL, 'saida', 'Usamos produtos sem cheiro forte e seguros para crianças/pets.', NULL, NULL, TRUE, '2026-04-27 04:57:16.551453+00'),
('8564469e-aa61-48aa-8e32-3820a340314e', '66684b2d-5770-48b0-b6cc-be6a5dafb99a', NULL, 'entrada', 'O sofá fica cheirando a quê depois?', NULL, NULL, FALSE, '2026-04-27 05:07:16.551453+00'),
('f648f290-515c-4dcc-b4c1-116c00c049b5', '6c55f3dc-89fe-4c3d-8cc1-d416a62d11be', NULL, 'entrada', 'Vocês atendem aqui na minha região?', NULL, NULL, TRUE, '2026-04-28 04:52:16.551453+00'),
('a0d2b427-ad7a-4071-9db3-852ae85add23', '20904026-3323-4089-aa70-51c84979e685', NULL, 'entrada', 'Posso agendar para sábado?', NULL, NULL, TRUE, '2026-04-28 04:52:16.551453+00'),
('742c39a5-9d53-4734-b86c-37263cbf6841', '6c55f3dc-89fe-4c3d-8cc1-d416a62d11be', NULL, 'saida', 'Sim! Trabalhamos aos sábados. Qual horário prefere?', NULL, NULL, TRUE, '2026-04-28 04:57:16.551453+00'),
('bc23307a-2fff-42b3-a97b-797a4c3f42d2', '20904026-3323-4089-aa70-51c84979e685', NULL, 'saida', 'Usamos produtos sem cheiro forte e seguros para crianças/pets.', NULL, NULL, TRUE, '2026-04-28 04:57:16.551453+00'),
('b91c9a81-02ef-4178-9d4f-882140758c59', '20904026-3323-4089-aa70-51c84979e685', NULL, 'entrada', 'O sofá fica cheirando a quê depois?', NULL, NULL, FALSE, '2026-04-28 05:07:16.551453+00'),
('85df485d-48a5-422b-921b-0728453041c5', '6c55f3dc-89fe-4c3d-8cc1-d416a62d11be', NULL, 'entrada', 'Posso agendar para sábado?', NULL, NULL, FALSE, '2026-04-28 05:07:16.551453+00'),
('754d139d-dadf-438e-b032-1e2114a7a3a7', 'ad804d3c-44c7-43a3-ad61-4f35a88199e8', NULL, 'entrada', 'Vocês atendem aqui na minha região?', NULL, NULL, TRUE, '2026-04-29 04:52:16.551453+00'),
('ea3ead11-0a64-41a4-ba33-e44df69f9005', 'ad804d3c-44c7-43a3-ad61-4f35a88199e8', NULL, 'saida', 'Sim! Trabalhamos aos sábados. Qual horário prefere?', NULL, NULL, TRUE, '2026-04-29 04:57:16.551453+00'),
('6e6972ec-3202-4b66-a811-da6c215f1eea', 'ad804d3c-44c7-43a3-ad61-4f35a88199e8', NULL, 'entrada', 'Posso agendar para sábado?', NULL, NULL, FALSE, '2026-04-29 05:07:16.551453+00'),
('7ce605da-7c92-43e0-bb3e-353e2c42c640', 'a0102a0f-ca56-4c45-8906-54b929871848', NULL, 'entrada', 'Oi, quanto custa para limpar um sofá de 3 lugares?', NULL, NULL, TRUE, '2026-04-30 04:52:16.551453+00'),
('350a36ea-54e7-45fa-acb3-cb6e328395b6', '8a091ba4-6114-4cd9-a856-c8e8fe9dbe20', NULL, 'entrada', 'Vocês atendem aqui na minha região?', NULL, NULL, TRUE, '2026-04-30 04:52:16.551453+00'),
('feded2f6-4261-4d79-994d-b129067a2628', 'a0102a0f-ca56-4c45-8906-54b929871848', NULL, 'saida', 'Olá! Sofá de 3 lugares fica R$ 320,00. Atendemos sua região 😊', NULL, NULL, TRUE, '2026-04-30 04:57:16.551453+00'),
('2a8b4478-9a1b-4691-bf48-21bffcf76a06', '8a091ba4-6114-4cd9-a856-c8e8fe9dbe20', NULL, 'saida', 'Sim! Trabalhamos aos sábados. Qual horário prefere?', NULL, NULL, TRUE, '2026-04-30 04:57:16.551453+00'),
('f1ff000c-2e45-4c38-bb37-57950f314e21', 'a0102a0f-ca56-4c45-8906-54b929871848', NULL, 'entrada', 'Vocês atendem aqui na minha região?', NULL, NULL, FALSE, '2026-04-30 05:07:16.551453+00'),
('ce4b9121-5df2-418f-8c71-d672f7158f49', '8a091ba4-6114-4cd9-a856-c8e8fe9dbe20', NULL, 'entrada', 'Posso agendar para sábado?', NULL, NULL, FALSE, '2026-04-30 05:07:16.551453+00'),
('40580e65-e7f3-498b-ae1d-42d071db673e', '1e1a2659-9b26-480d-9096-54e9a9c484f0', NULL, 'entrada', 'Oi, quanto custa para limpar um sofá de 3 lugares?', NULL, NULL, TRUE, '2026-05-01 04:52:16.551453+00'),
('8dae5c7c-7879-49a5-bef8-c691cd0382e6', '1e1a2659-9b26-480d-9096-54e9a9c484f0', NULL, 'saida', 'Olá! Sofá de 3 lugares fica R$ 320,00. Atendemos sua região 😊', NULL, NULL, TRUE, '2026-05-01 04:57:16.551453+00'),
('79336590-6c4f-4fdd-a595-a4d6f2515b97', '1e1a2659-9b26-480d-9096-54e9a9c484f0', NULL, 'entrada', 'Vocês atendem aqui na minha região?', NULL, NULL, FALSE, '2026-05-01 05:07:16.551453+00'),
('0f2c36c8-23cf-4b9f-aa8d-f00846735f6e', 'b3eba6a1-3c20-41a2-8c3a-dd76c11f9a30', NULL, 'entrada', 'Oi, quanto custa para limpar um sofá de 3 lugares?', NULL, NULL, TRUE, '2026-05-02 04:52:16.551453+00'),
('de9c0b98-0ef4-45c3-8553-0dcc8c95ce1e', 'b3eba6a1-3c20-41a2-8c3a-dd76c11f9a30', NULL, 'saida', 'Olá! Sofá de 3 lugares fica R$ 320,00. Atendemos sua região 😊', NULL, NULL, TRUE, '2026-05-02 04:57:16.551453+00'),
('1d1c8f3c-4788-4521-a3f5-809c29456d6e', 'b3eba6a1-3c20-41a2-8c3a-dd76c11f9a30', NULL, 'entrada', 'Vocês atendem aqui na minha região?', NULL, NULL, FALSE, '2026-05-02 05:07:16.551453+00'),
('adb64290-276f-41bc-a11c-ba4ee9242f59', 'd7f114e2-7831-4440-8e30-29f43de06d85', NULL, 'entrada', 'Olá, vi o anúncio e queria saber o preço', NULL, NULL, FALSE, '2026-05-02 11:11:06.537632+00'),
('b45704a3-73e6-4d40-80d3-5c3e06fcb62f', 'b7605306-18f4-4800-8c78-0e0da8cfcc8f', NULL, 'entrada', 'Olá, vi o anúncio e queria saber o preço', NULL, NULL, FALSE, '2026-05-02 11:11:06.537632+00'),
('ccc6d259-e2a4-483d-b5be-1f770d879e2e', '306586a3-41ba-4b71-89fc-f7d317d6decf', NULL, 'entrada', 'Olá, vi o anúncio e queria saber o preço', NULL, NULL, FALSE, '2026-05-02 11:11:06.537632+00'),
('182df3a6-b8b4-4abd-ba37-eafa515ffc10', 'ecfe8969-f877-4c0c-87e8-0c958fd90ddf', NULL, 'entrada', 'Olá, vi o anúncio e queria saber o preço', NULL, NULL, FALSE, '2026-05-02 11:11:06.537632+00'),
('3592f2be-7b50-488d-a54e-3d09cf297337', '33e2a9ee-a39e-487d-a9e8-ccedba46cdf3', NULL, 'entrada', 'Olá, vi o anúncio e queria saber o preço', NULL, NULL, FALSE, '2026-05-02 11:11:06.537632+00'),
('b5005d62-14ae-4b9f-84bf-2c2f9dca12c0', '627d6f0c-026c-4d2d-aa62-7e2e30c2ddcb', NULL, 'entrada', 'Olá, vi o anúncio e queria saber o preço', NULL, NULL, FALSE, '2026-05-02 11:11:06.537632+00'),
('c8712b0c-e892-4ff0-9d73-5b90cb8deb3f', '697301b5-cae6-4cb7-8eb2-eb00cd3ef5bf', NULL, 'entrada', 'Olá, vi o anúncio e queria saber o preço', NULL, NULL, FALSE, '2026-05-02 11:11:06.537632+00'),
('9b873ff6-9f44-4239-b995-86076d858072', 'a06b95da-78fa-444e-8441-9d6e09fe208b', NULL, 'entrada', 'Olá, vi o anúncio e queria saber o preço', NULL, NULL, FALSE, '2026-05-02 11:11:06.537632+00'),
('e064f2c7-0c6a-496f-9747-60c4e4ceba32', '92024361-83fa-4104-a64f-ffd4bf4538eb', NULL, 'entrada', 'Olá, vi o anúncio e queria saber o preço', NULL, NULL, FALSE, '2026-05-02 11:11:06.537632+00'),
('fd3e8b33-3573-44fe-98b1-6dbfbf00b67f', '66ebac4a-0028-4ced-a703-d41788c4e32e', NULL, 'entrada', 'Olá, vi o anúncio e queria saber o preço', NULL, NULL, FALSE, '2026-05-02 11:11:06.537632+00'),
('2bca35c6-c514-473e-b2e2-22aeeb3059b3', 'b92dabf7-d12b-49b6-8e85-c7eed7db1683', NULL, 'entrada', 'Olá, vi o anúncio e queria saber o preço', NULL, NULL, FALSE, '2026-05-02 11:11:06.537632+00'),
('bc85ad30-6cd5-4377-9980-96419cfa74af', 'd74644b5-c8f8-4e52-8f14-7745c941df80', NULL, 'entrada', 'Olá, vi o anúncio e queria saber o preço', NULL, NULL, FALSE, '2026-05-02 11:11:06.537632+00'),
('c6ff9186-61b6-416e-a338-c12c10c0815e', '9df67034-f1cf-453b-a2fc-9c087085f907', NULL, 'entrada', 'Olá, vi o anúncio e queria saber o preço', NULL, NULL, FALSE, '2026-05-02 11:11:06.537632+00'),
('ab224e7d-7c4d-471a-ab71-88e02365f4b9', 'ff3d6012-4d85-4a94-a360-090c714eeeff', NULL, 'entrada', 'Olá, vi o anúncio e queria saber o preço', NULL, NULL, FALSE, '2026-05-02 11:11:06.537632+00'),
('aae21a32-a557-42e5-a8df-ff4f5eefbf4f', '644c520e-4575-464f-ade5-b9246eb88eb1', NULL, 'entrada', 'Olá, vi o anúncio e queria saber o preço', NULL, NULL, FALSE, '2026-05-02 11:11:06.537632+00'),
('046b9200-7841-419a-af53-0fab732928b7', 'c83d2e75-8fc9-4c6b-b84e-c71389f3fc8f', NULL, 'entrada', 'Olá, vi o anúncio e queria saber o preço', NULL, NULL, FALSE, '2026-05-02 11:11:06.537632+00'),
('68e9ce83-227c-43ba-abbd-33eb66998406', '7b2e7035-a239-41a2-b9e5-78660e107fb5', NULL, 'entrada', 'Olá, vi o anúncio e queria saber o preço', NULL, NULL, FALSE, '2026-05-02 11:11:06.537632+00'),
('3d7eb56c-d283-46c1-b17e-9951684e587a', '4d42ef3a-b5ea-44c5-b108-3a991cf69633', NULL, 'entrada', 'Olá, vi o anúncio e queria saber o preço', NULL, NULL, FALSE, '2026-05-02 11:11:06.537632+00'),
('cac3e3c0-1e43-446d-ab71-3a922816fb89', '59787b79-df67-43b8-bf74-ffd2207f473e', NULL, 'entrada', 'Olá, vi o anúncio e queria saber o preço', NULL, NULL, FALSE, '2026-05-02 11:11:06.537632+00'),
('88f5d391-5394-4850-8ca5-7eb96a3e53df', 'b032a862-c626-4ca0-8635-a4a8407f1f54', NULL, 'entrada', 'Olá, vi o anúncio e queria saber o preço', NULL, NULL, FALSE, '2026-05-02 11:11:06.537632+00'),
('976ed5f7-1360-4bef-be9b-6ed912b0b0c3', 'e721040e-6206-4e8c-8960-bb898386b4a3', NULL, 'entrada', 'Olá, vi o anúncio e queria saber o preço', NULL, NULL, FALSE, '2026-05-02 11:11:06.537632+00'),
('00e469c9-f903-43d5-b72e-96354fc0de07', 'f38548ab-dc6e-4021-aa4f-edf85d1f3a67', NULL, 'entrada', 'Olá, vi o anúncio e queria saber o preço', NULL, NULL, FALSE, '2026-05-02 11:11:06.537632+00'),
('1cfa04ea-2722-41a9-aec9-e5b9c4e8dcca', 'b9d0cb1c-b1c4-4eda-bba6-5a76e57b2d90', NULL, 'entrada', 'Olá, vi o anúncio e queria saber o preço', NULL, NULL, FALSE, '2026-05-02 11:11:06.537632+00'),
('24df19c1-4988-4998-b035-a749706127d4', '714c2571-f164-4e65-9eba-3ff5dfa0a4a9', NULL, 'entrada', 'Olá, vi o anúncio e queria saber o preço', NULL, NULL, FALSE, '2026-05-02 11:11:06.537632+00'),
('555bd766-5895-41a1-bd8c-2f8a6f0f3e8c', '7823deb7-f150-41b2-b504-e1e1d6824c14', NULL, 'entrada', 'Olá, vi o anúncio e queria saber o preço', NULL, NULL, FALSE, '2026-05-02 11:11:06.537632+00'),
('5f4cffc0-629d-48cf-a269-5d09bbdbe896', '171880f2-509b-48ad-8e63-777938d9f708', NULL, 'entrada', 'Olá, vi o anúncio e queria saber o preço', NULL, NULL, FALSE, '2026-05-02 11:11:06.537632+00'),
('534d5b95-d0fc-4200-bf59-9bc1581d0b1b', '8c8fac18-c683-452f-86e9-f801ea711300', NULL, 'entrada', 'Olá, vi o anúncio e queria saber o preço', NULL, NULL, FALSE, '2026-05-02 11:11:06.537632+00'),
('66ad20cd-59ce-4bf1-897a-a080e2c171c2', '9fa4b6e0-a367-42da-8665-f6e491232e2b', NULL, 'entrada', 'Olá, vi o anúncio e queria saber o preço', NULL, NULL, FALSE, '2026-05-02 11:11:06.537632+00'),
('69ae87b6-96fd-4275-9f5e-87fd88b363ab', 'df1425f0-ff4f-4575-998a-1aa9b169831b', NULL, 'entrada', 'Olá, vi o anúncio e queria saber o preço', NULL, NULL, FALSE, '2026-05-02 11:11:06.537632+00'),
('88fe53d8-4297-48df-ad9e-df4b887b914a', '7d4a9940-44d1-4862-be85-1acf4dc96b21', NULL, 'entrada', 'Olá, vi o anúncio e queria saber o preço', NULL, NULL, FALSE, '2026-05-02 11:11:06.537632+00'),
('25c9d9a8-e248-4e6d-ad31-75861cadcb2c', '31e37a5a-d83b-4b8c-947b-127cae854d6e', NULL, 'entrada', 'Olá, vi o anúncio e queria saber o preço', NULL, NULL, FALSE, '2026-05-02 11:11:06.537632+00'),
('84b907bb-dd5f-4e48-a717-8ec341a8396b', 'a4649a52-4409-4d70-9724-ac88d53252a7', NULL, 'entrada', 'Olá, vi o anúncio e queria saber o preço', NULL, NULL, FALSE, '2026-05-02 11:11:06.537632+00'),
('0197cafa-a5a4-46c1-ac2f-04d642c0ae99', '295dab45-0d4b-4893-b353-14267deb2f8b', NULL, 'entrada', 'Olá, vi o anúncio e queria saber o preço', NULL, NULL, FALSE, '2026-05-02 11:11:06.537632+00'),
('dbc40b4c-a525-49be-a5ec-ee1d142826cc', '7b7640dd-34f4-4e62-af50-f5f752ba811e', NULL, 'entrada', 'Olá, vi o anúncio e queria saber o preço', NULL, NULL, FALSE, '2026-05-02 11:11:06.537632+00'),
('e019c52d-22ac-4b0b-8604-a374653775ca', '4c8451e7-ef80-42bf-bc37-99fadca4888b', NULL, 'entrada', 'Olá, vi o anúncio e queria saber o preço', NULL, NULL, FALSE, '2026-05-02 11:11:06.537632+00'),
('7d43092b-c8a3-4ef6-b88f-d53ff8e8ad32', '842fb524-d290-4dc2-8831-0bb8c57c88c4', NULL, 'entrada', 'Olá, vi o anúncio e queria saber o preço', NULL, NULL, FALSE, '2026-05-02 11:11:06.537632+00'),
('3d8b2737-625f-4f85-9ecb-de9422dc0d33', '9ca97e70-66e6-49b1-9d9d-44193f6efe07', NULL, 'entrada', 'Olá, vi o anúncio e queria saber o preço', NULL, NULL, FALSE, '2026-05-02 11:11:06.537632+00'),
('8210ddab-6a15-4da5-81b3-3f7dc42031b5', '6da9edf1-af3b-471a-8fda-9642901489af', NULL, 'entrada', 'Olá, vi o anúncio e queria saber o preço', NULL, NULL, FALSE, '2026-05-02 11:11:06.537632+00'),
('091fc844-4d69-4137-8f18-efe6acd1fb72', '89760cd5-66de-46fb-98a8-6d5ff19859bf', NULL, 'entrada', 'Olá, vi o anúncio e queria saber o preço', NULL, NULL, FALSE, '2026-05-02 11:11:06.537632+00'),
('e7761afa-d574-4147-a038-03c769fc8d37', 'c699fa27-a9cf-492a-8a33-7281976a3c0f', NULL, 'entrada', 'Olá, vi o anúncio e queria saber o preço', NULL, NULL, FALSE, '2026-05-02 11:11:06.537632+00'),
('3640994a-3995-4d9f-8352-19d48ce675c8', 'f86f3f2c-2390-4ac2-a473-19539acb4e2c', NULL, 'entrada', 'Olá, vi o anúncio e queria saber o preço', NULL, NULL, FALSE, '2026-05-02 11:11:06.537632+00'),
('1ce0a66d-0f7e-4055-8259-d9082a2e651b', 'e9d232b3-d9ec-4065-aad3-45b2fd510d59', NULL, 'entrada', 'Olá, vi o anúncio e queria saber o preço', NULL, NULL, FALSE, '2026-05-02 11:11:06.537632+00'),
('3e14184d-2a4f-469d-a241-5cbc69eb59e6', 'a32cf6f1-4eb3-4a49-b1dc-52df1e4fa4ed', NULL, 'entrada', 'Olá, vi o anúncio e queria saber o preço', NULL, NULL, FALSE, '2026-05-02 11:11:06.537632+00'),
('c206b145-3493-40e0-b03f-37c5ae5a040d', 'bc4763e5-05fc-4264-8b6c-0026c7bba567', NULL, 'entrada', 'Olá, vi o anúncio e queria saber o preço', NULL, NULL, FALSE, '2026-05-02 11:11:06.537632+00'),
('0f2ba5ef-7e4b-4b09-a105-fbfb3f7b2c80', 'ed546826-ebe9-4cde-9363-f4ad2ac0704e', NULL, 'entrada', 'Olá, vi o anúncio e queria saber o preço', NULL, NULL, FALSE, '2026-05-02 11:11:06.537632+00'),
('88908387-4b2b-4d6f-a6c4-f6939bc84be6', '55770e9b-bb2c-42e4-b33a-cbb2c3487dc2', NULL, 'entrada', 'Olá, vi o anúncio e queria saber o preço', NULL, NULL, FALSE, '2026-05-02 11:11:06.537632+00'),
('c2e473f7-33ff-4f94-9b10-b469ea371b1e', '9269cb22-a3e7-412c-b830-7019c5886097', NULL, 'entrada', 'Olá, vi o anúncio e queria saber o preço', NULL, NULL, FALSE, '2026-05-02 11:11:06.537632+00'),
('b5c70a96-57ee-43ba-a376-8366a80b5081', '18dba65d-d12b-4003-83ce-8d2307d1acd5', NULL, 'entrada', 'Olá, vi o anúncio e queria saber o preço', NULL, NULL, FALSE, '2026-05-02 11:11:06.537632+00'),
('7b6886fb-9119-4d8d-a914-4e3d6b722885', '56035e2a-7e69-484d-80a8-1d6b883e6a4b', NULL, 'entrada', 'Olá, vi o anúncio e queria saber o preço', NULL, NULL, FALSE, '2026-05-02 11:11:06.537632+00'),
('95f95a37-dbfd-49da-8a79-08f24760356a', '95ced674-94e9-459c-b359-ca79314f296e', NULL, 'entrada', 'Olá, vi o anúncio e queria saber o preço', NULL, NULL, FALSE, '2026-05-02 11:11:06.537632+00'),
('d5dab933-d36f-418f-80c9-da3412486c6a', '3d8cc334-f97e-430d-897d-f2050fdc2142', NULL, 'entrada', 'Olá, vi o anúncio e queria saber o preço', NULL, NULL, FALSE, '2026-05-02 11:11:06.537632+00'),
('5a9f28c1-5304-4bb4-82e6-1d9d0f70138c', 'a8074fc7-5dbc-4869-b165-6ff3bd6087ec', NULL, 'entrada', 'Olá, vi o anúncio e queria saber o preço', NULL, NULL, FALSE, '2026-05-02 11:11:06.537632+00'),
('5125da83-84a0-4457-bf55-2281b1ffd803', 'f1066d71-af0e-456e-86c3-3ee66f62e4ac', NULL, 'entrada', 'Olá, vi o anúncio e queria saber o preço', NULL, NULL, FALSE, '2026-05-02 11:11:06.537632+00'),
('b05a79a1-e051-4da2-ab95-5c86b12eb7ba', 'b7ba4490-9e0c-4e9f-a2f5-c8a7b3afa1fd', NULL, 'entrada', 'Olá, vi o anúncio e queria saber o preço', NULL, NULL, FALSE, '2026-05-02 11:11:06.537632+00'),
('acb11a00-911a-49a6-8de0-076e5d70d2c7', '8d397ee6-496f-4368-bed4-c70a3800b443', NULL, 'entrada', 'Olá, vi o anúncio e queria saber o preço', NULL, NULL, FALSE, '2026-05-02 11:11:06.537632+00'),
('1cd233fd-987c-4820-b91e-13de79d8c4db', '0333754e-16f9-4421-9c9b-b4956c498251', NULL, 'entrada', 'Olá, vi o anúncio e queria saber o preço', NULL, NULL, FALSE, '2026-05-02 11:11:06.537632+00'),
('196c01fa-5192-47b7-9dae-1f5f497d35fe', '050778e3-1a29-42c7-9a65-9652040d822a', NULL, 'entrada', 'Olá, vi o anúncio e queria saber o preço', NULL, NULL, FALSE, '2026-05-02 11:11:06.537632+00'),
('ff879227-04c2-4335-aa00-478bdd781d26', '496e9b83-8e16-4f17-949d-c9f1cbfcca00', NULL, 'entrada', 'Olá, vi o anúncio e queria saber o preço', NULL, NULL, FALSE, '2026-05-02 11:11:06.537632+00'),
('53ad11c6-3981-40fc-be5c-af6a5c9ce74c', '03947290-3cca-4044-95ea-ddad7681f6a9', NULL, 'entrada', 'Olá, vi o anúncio e queria saber o preço', NULL, NULL, FALSE, '2026-05-02 11:11:06.537632+00'),
('28be37af-52e0-404e-83fc-7958c5222dcc', '01d502e6-784b-49c1-bf37-5ea58690ac37', NULL, 'entrada', 'Olá, vi o anúncio e queria saber o preço', NULL, NULL, FALSE, '2026-05-02 11:11:06.537632+00'),
('505592df-c942-479a-929f-d9063647e3ae', 'c699fa27-a9cf-492a-8a33-7281976a3c0f', NULL, 'saida', 'Oi! Posso te ajudar agora mesmo 😊', NULL, NULL, FALSE, '2026-05-02 12:11:06.537632+00'),
('c1660435-577d-48be-9df5-4336572f078e', 'b7ba4490-9e0c-4e9f-a2f5-c8a7b3afa1fd', NULL, 'saida', 'Oi! Posso te ajudar agora mesmo 😊', NULL, NULL, FALSE, '2026-05-02 12:11:06.537632+00'),
('2a7b7da1-1ad1-4d9b-b3a2-da435db77df3', 'f38548ab-dc6e-4021-aa4f-edf85d1f3a67', NULL, 'saida', 'Oi! Posso te ajudar agora mesmo 😊', NULL, NULL, FALSE, '2026-05-02 12:11:06.537632+00'),
('5e5ffc14-7912-496a-b843-38034e608c81', '31e37a5a-d83b-4b8c-947b-127cae854d6e', NULL, 'saida', 'Oi! Posso te ajudar agora mesmo 😊', NULL, NULL, FALSE, '2026-05-02 12:11:06.537632+00'),
('b6685a96-2c2a-44c4-95ab-43faf6eaa94a', 'a8074fc7-5dbc-4869-b165-6ff3bd6087ec', NULL, 'saida', 'Oi! Posso te ajudar agora mesmo 😊', NULL, NULL, FALSE, '2026-05-02 12:11:06.537632+00'),
('ee5dab08-5a80-41fa-b4c5-bdae0fa84614', '496e9b83-8e16-4f17-949d-c9f1cbfcca00', NULL, 'saida', 'Oi! Posso te ajudar agora mesmo 😊', NULL, NULL, FALSE, '2026-05-02 12:11:06.537632+00'),
('3990bac4-b5b3-4301-bf1b-a0e7ddfaf422', '306586a3-41ba-4b71-89fc-f7d317d6decf', NULL, 'saida', 'Oi! Posso te ajudar agora mesmo 😊', NULL, NULL, FALSE, '2026-05-02 12:11:06.537632+00'),
('3fcc3336-d42d-4c41-a251-4eb4462ceadd', 'a06b95da-78fa-444e-8441-9d6e09fe208b', NULL, 'saida', 'Oi! Posso te ajudar agora mesmo 😊', NULL, NULL, FALSE, '2026-05-02 12:11:06.537632+00'),
('c06e1a4a-1e25-440b-b28d-b909e359dd2f', 'c83d2e75-8fc9-4c6b-b84e-c71389f3fc8f', NULL, 'saida', 'Oi! Posso te ajudar agora mesmo 😊', NULL, NULL, FALSE, '2026-05-02 12:11:06.537632+00'),
('877fe81e-9f26-43d8-870f-a7959a90aa65', '714c2571-f164-4e65-9eba-3ff5dfa0a4a9', NULL, 'saida', 'Oi! Posso te ajudar agora mesmo 😊', NULL, NULL, FALSE, '2026-05-02 12:11:06.537632+00'),
('9d77cc4c-7b0a-43d3-8706-086572759a35', '7b7640dd-34f4-4e62-af50-f5f752ba811e', NULL, 'saida', 'Oi! Posso te ajudar agora mesmo 😊', NULL, NULL, FALSE, '2026-05-02 12:11:06.537632+00'),
('eb14a0a1-9ce5-4624-9484-ad185407dcd6', 'a32cf6f1-4eb3-4a49-b1dc-52df1e4fa4ed', NULL, 'saida', 'Oi! Posso te ajudar agora mesmo 😊', NULL, NULL, FALSE, '2026-05-02 12:11:06.537632+00'),
('0fd8d2f9-82e1-4bf4-8bfd-b07217eb3f5e', '95ced674-94e9-459c-b359-ca79314f296e', NULL, 'saida', 'Oi! Posso te ajudar agora mesmo 😊', NULL, NULL, FALSE, '2026-05-02 12:11:06.537632+00'),
('f3f2b7fb-7f93-4409-b026-a1bbfdbec1ac', 'f1066d71-af0e-456e-86c3-3ee66f62e4ac', NULL, 'saida', 'Oi! Posso te ajudar agora mesmo 😊', NULL, NULL, FALSE, '2026-05-02 12:11:06.537632+00'),
('b167d318-2b22-411c-babd-c60a5f5c2e91', '8d397ee6-496f-4368-bed4-c70a3800b443', NULL, 'saida', 'Oi! Posso te ajudar agora mesmo 😊', NULL, NULL, FALSE, '2026-05-02 12:11:06.537632+00'),
('07a6fbab-7464-47f2-99ac-8c95aa27ca5f', '050778e3-1a29-42c7-9a65-9652040d822a', NULL, 'saida', 'Oi! Posso te ajudar agora mesmo 😊', NULL, NULL, FALSE, '2026-05-02 12:11:06.537632+00'),
('8e5b312a-a935-44b6-93bd-cb22b8ed53c9', '03947290-3cca-4044-95ea-ddad7681f6a9', NULL, 'saida', 'Oi! Posso te ajudar agora mesmo 😊', NULL, NULL, FALSE, '2026-05-02 12:11:06.537632+00'),
('a4508614-c4cf-4f3b-9e35-08cf9016d2de', 'd7f114e2-7831-4440-8e30-29f43de06d85', NULL, 'saida', 'Oi! Posso te ajudar agora mesmo 😊', NULL, NULL, FALSE, '2026-05-02 12:11:06.537632+00'),
('225a9284-6a87-4805-88a4-bf6d7739e67d', 'b7605306-18f4-4800-8c78-0e0da8cfcc8f', NULL, 'saida', 'Oi! Posso te ajudar agora mesmo 😊', NULL, NULL, FALSE, '2026-05-02 12:11:06.537632+00'),
('e0707317-7c32-4cde-8fd7-19da6584f421', 'ecfe8969-f877-4c0c-87e8-0c958fd90ddf', NULL, 'saida', 'Oi! Posso te ajudar agora mesmo 😊', NULL, NULL, FALSE, '2026-05-02 12:11:06.537632+00'),
('8c9aa48d-6169-4aa6-84a8-789db0ee96a0', '627d6f0c-026c-4d2d-aa62-7e2e30c2ddcb', NULL, 'saida', 'Oi! Posso te ajudar agora mesmo 😊', NULL, NULL, FALSE, '2026-05-02 12:11:06.537632+00'),
('a2f288b5-38da-407e-a433-72bd3cc579aa', '697301b5-cae6-4cb7-8eb2-eb00cd3ef5bf', NULL, 'saida', 'Oi! Posso te ajudar agora mesmo 😊', NULL, NULL, FALSE, '2026-05-02 12:11:06.537632+00'),
('2acfbf9d-b50f-4bea-be4b-c369a3511b8e', '92024361-83fa-4104-a64f-ffd4bf4538eb', NULL, 'saida', 'Oi! Posso te ajudar agora mesmo 😊', NULL, NULL, FALSE, '2026-05-02 12:11:06.537632+00'),
('7ed95d56-d7d8-4860-a7dc-1b9f11d3abf1', 'd74644b5-c8f8-4e52-8f14-7745c941df80', NULL, 'saida', 'Oi! Posso te ajudar agora mesmo 😊', NULL, NULL, FALSE, '2026-05-02 12:11:06.537632+00'),
('dbf1cb3e-dfd1-4b50-9af3-389bacf38a90', 'ff3d6012-4d85-4a94-a360-090c714eeeff', NULL, 'saida', 'Oi! Posso te ajudar agora mesmo 😊', NULL, NULL, FALSE, '2026-05-02 12:11:06.537632+00'),
('4402ff8f-ec65-46e5-a16b-701604c79a08', '7b2e7035-a239-41a2-b9e5-78660e107fb5', NULL, 'saida', 'Oi! Posso te ajudar agora mesmo 😊', NULL, NULL, FALSE, '2026-05-02 12:11:06.537632+00'),
('b7f86c14-6550-4397-997c-fdbe7f9f44b7', 'b032a862-c626-4ca0-8635-a4a8407f1f54', NULL, 'saida', 'Oi! Posso te ajudar agora mesmo 😊', NULL, NULL, FALSE, '2026-05-02 12:11:06.537632+00'),
('db0f324e-2da8-43e9-b756-46b272c7a41f', 'b9d0cb1c-b1c4-4eda-bba6-5a76e57b2d90', NULL, 'saida', 'Oi! Posso te ajudar agora mesmo 😊', NULL, NULL, FALSE, '2026-05-02 12:11:06.537632+00'),
('f2eb0c35-1d4a-44c3-b092-9d20cca48d37', '171880f2-509b-48ad-8e63-777938d9f708', NULL, 'saida', 'Oi! Posso te ajudar agora mesmo 😊', NULL, NULL, FALSE, '2026-05-02 12:11:06.537632+00'),
('59e27ddc-1fe2-4475-bd61-ad76e6399415', 'df1425f0-ff4f-4575-998a-1aa9b169831b', NULL, 'saida', 'Oi! Posso te ajudar agora mesmo 😊', NULL, NULL, FALSE, '2026-05-02 12:11:06.537632+00'),
('2e494db7-f135-47bc-aea1-3af0feeadd98', 'a4649a52-4409-4d70-9724-ac88d53252a7', NULL, 'saida', 'Oi! Posso te ajudar agora mesmo 😊', NULL, NULL, FALSE, '2026-05-02 12:11:06.537632+00'),
('272382ab-a90d-493e-91f0-9c7ff5c33819', '4c8451e7-ef80-42bf-bc37-99fadca4888b', NULL, 'saida', 'Oi! Posso te ajudar agora mesmo 😊', NULL, NULL, FALSE, '2026-05-02 12:11:06.537632+00'),
('06f90a5d-3a82-44da-a675-e824b782050e', '6da9edf1-af3b-471a-8fda-9642901489af', NULL, 'saida', 'Oi! Posso te ajudar agora mesmo 😊', NULL, NULL, FALSE, '2026-05-02 12:11:06.537632+00'),
('63cb0fb1-9fd5-4cf3-aac9-6964675435e1', 'f86f3f2c-2390-4ac2-a473-19539acb4e2c', NULL, 'saida', 'Oi! Posso te ajudar agora mesmo 😊', NULL, NULL, FALSE, '2026-05-02 12:11:06.537632+00'),
('d5282e4b-b80a-483e-8159-6928bfbbfb1f', 'bc4763e5-05fc-4264-8b6c-0026c7bba567', NULL, 'saida', 'Oi! Posso te ajudar agora mesmo 😊', NULL, NULL, FALSE, '2026-05-02 12:11:06.537632+00'),
('6edbe51d-f642-45af-9ff0-b6d58f2b7e31', '18dba65d-d12b-4003-83ce-8d2307d1acd5', NULL, 'saida', 'Oi! Posso te ajudar agora mesmo 😊', NULL, NULL, FALSE, '2026-05-02 12:11:06.537632+00'),
('fa855a63-58e6-49bf-aacd-04c68749b59b', '55770e9b-bb2c-42e4-b33a-cbb2c3487dc2', NULL, 'saida', 'Oi! Posso te ajudar agora mesmo 😊', NULL, NULL, FALSE, '2026-05-02 12:11:06.537632+00'),
('0c4d887b-436b-4336-86cc-48f8bad94154', 'ed546826-ebe9-4cde-9363-f4ad2ac0704e', NULL, 'saida', 'Oi! Posso te ajudar agora mesmo 😊', NULL, NULL, FALSE, '2026-05-02 12:11:06.537632+00'),
('d40dc9b7-573c-47e4-8833-ebb6673f764b', 'e9d232b3-d9ec-4065-aad3-45b2fd510d59', NULL, 'saida', 'Oi! Posso te ajudar agora mesmo 😊', NULL, NULL, FALSE, '2026-05-02 12:11:06.537632+00'),
('04eab7ed-7a53-42af-bcf9-49bb4480baef', '89760cd5-66de-46fb-98a8-6d5ff19859bf', NULL, 'saida', 'Oi! Posso te ajudar agora mesmo 😊', NULL, NULL, FALSE, '2026-05-02 12:11:06.537632+00'),
('c0ce0536-2e5e-484a-8dcd-19af31e1a4c5', '842fb524-d290-4dc2-8831-0bb8c57c88c4', NULL, 'saida', 'Oi! Posso te ajudar agora mesmo 😊', NULL, NULL, FALSE, '2026-05-02 12:11:06.537632+00'),
('fcca3a65-5f45-46fc-a1cb-bf75b72a7754', '295dab45-0d4b-4893-b353-14267deb2f8b', NULL, 'saida', 'Oi! Posso te ajudar agora mesmo 😊', NULL, NULL, FALSE, '2026-05-02 12:11:06.537632+00'),
('c3acd96d-8e5c-48b5-bd4e-9cfee6d2923d', '7d4a9940-44d1-4862-be85-1acf4dc96b21', NULL, 'saida', 'Oi! Posso te ajudar agora mesmo 😊', NULL, NULL, FALSE, '2026-05-02 12:11:06.537632+00'),
('e7974975-04ec-4d23-80ce-1b1a12c0dcb7', '8c8fac18-c683-452f-86e9-f801ea711300', NULL, 'saida', 'Oi! Posso te ajudar agora mesmo 😊', NULL, NULL, FALSE, '2026-05-02 12:11:06.537632+00'),
('3b80f758-272f-4358-ac8d-6354684d29cf', '7823deb7-f150-41b2-b504-e1e1d6824c14', NULL, 'saida', 'Oi! Posso te ajudar agora mesmo 😊', NULL, NULL, FALSE, '2026-05-02 12:11:06.537632+00'),
('dbdc3c14-2879-45e6-b72b-88dd0957ad5a', 'e721040e-6206-4e8c-8960-bb898386b4a3', NULL, 'saida', 'Oi! Posso te ajudar agora mesmo 😊', NULL, NULL, FALSE, '2026-05-02 12:11:06.537632+00'),
('778a5cd7-e1b8-4538-929a-6d09599a83c1', '4d42ef3a-b5ea-44c5-b108-3a991cf69633', NULL, 'saida', 'Oi! Posso te ajudar agora mesmo 😊', NULL, NULL, FALSE, '2026-05-02 12:11:06.537632+00'),
('8eddbc26-84a7-4494-8189-34158d1ec424', '644c520e-4575-464f-ade5-b9246eb88eb1', NULL, 'saida', 'Oi! Posso te ajudar agora mesmo 😊', NULL, NULL, FALSE, '2026-05-02 12:11:06.537632+00'),
('cc58b531-829d-4576-92e5-8a941ce5ae1a', '9df67034-f1cf-453b-a2fc-9c087085f907', NULL, 'saida', 'Oi! Posso te ajudar agora mesmo 😊', NULL, NULL, FALSE, '2026-05-02 12:11:06.537632+00'),
('4d7c8695-6701-41e2-9e62-2c761fa2b22c', '66ebac4a-0028-4ced-a703-d41788c4e32e', NULL, 'saida', 'Oi! Posso te ajudar agora mesmo 😊', NULL, NULL, FALSE, '2026-05-02 12:11:06.537632+00'),
('c318eb6c-3e9c-4ead-834e-3a3c77380d70', '3d8cc334-f97e-430d-897d-f2050fdc2142', NULL, 'saida', 'Oi! Posso te ajudar agora mesmo 😊', NULL, NULL, FALSE, '2026-05-02 12:11:06.537632+00'),
('38bafd05-057d-44fc-bfb1-c19ed1a5a8d4', '9269cb22-a3e7-412c-b830-7019c5886097', NULL, 'saida', 'Oi! Posso te ajudar agora mesmo 😊', NULL, NULL, FALSE, '2026-05-02 12:11:06.537632+00'),
('33a90caf-f7ef-48ab-b564-53527a087071', '9ca97e70-66e6-49b1-9d9d-44193f6efe07', NULL, 'saida', 'Oi! Posso te ajudar agora mesmo 😊', NULL, NULL, FALSE, '2026-05-02 12:11:06.537632+00'),
('0ebd5fba-d616-40f7-bdda-d4e3f86f1bae', '9fa4b6e0-a367-42da-8665-f6e491232e2b', NULL, 'saida', 'Oi! Posso te ajudar agora mesmo 😊', NULL, NULL, FALSE, '2026-05-02 12:11:06.537632+00'),
('5d7868be-f566-4ed8-85e5-bc43229d0b22', '59787b79-df67-43b8-bf74-ffd2207f473e', NULL, 'saida', 'Oi! Posso te ajudar agora mesmo 😊', NULL, NULL, FALSE, '2026-05-02 12:11:06.537632+00'),
('8b8487c9-ccf8-4c02-9b17-4e80cee138b0', 'b92dabf7-d12b-49b6-8e85-c7eed7db1683', NULL, 'saida', 'Oi! Posso te ajudar agora mesmo 😊', NULL, NULL, FALSE, '2026-05-02 12:11:06.537632+00'),
('2b2f442f-b928-4fe6-b3e2-b27ee68ca503', '33e2a9ee-a39e-487d-a9e8-ccedba46cdf3', NULL, 'saida', 'Oi! Posso te ajudar agora mesmo 😊', NULL, NULL, FALSE, '2026-05-02 12:11:06.537632+00'),
('7000ab87-9bfd-4e13-abe6-9344c2a98e7b', '01d502e6-784b-49c1-bf37-5ea58690ac37', NULL, 'saida', 'Oi! Posso te ajudar agora mesmo 😊', NULL, NULL, FALSE, '2026-05-02 12:11:06.537632+00'),
('5eac3b6c-d12a-48a7-acf2-5ce782a3c9be', '0333754e-16f9-4421-9c9b-b4956c498251', NULL, 'saida', 'Oi! Posso te ajudar agora mesmo 😊', NULL, NULL, FALSE, '2026-05-02 12:11:06.537632+00'),
('592b9726-58b1-4f02-b19a-d940e3ad29ba', '56035e2a-7e69-484d-80a8-1d6b883e6a4b', NULL, 'saida', 'Oi! Posso te ajudar agora mesmo 😊', NULL, NULL, FALSE, '2026-05-02 12:11:06.537632+00'),
('27272230-2d01-4b5e-b665-ce76b9fe43db', '6c2370f4-4381-4514-8c02-208189548247', NULL, 'entrada', 'Oi! Tudo bem?', NULL, NULL, TRUE, '2026-05-02 22:22:33.390865+00'),
('9ab42b00-94a2-4e1e-a486-fe419520269a', '235cde4b-8ac9-4fae-be4e-a6e54d7c6d2c', NULL, 'saida', 'Olá! Tudo ótimo, como posso ajudar?', NULL, NULL, TRUE, '2026-05-02 22:22:33.390865+00'),
('e3d139a8-f83a-4924-81a1-27e94b9db9c8', '235cde4b-8ac9-4fae-be4e-a6e54d7c6d2c', NULL, 'entrada', 'Quero saber mais sobre os planos', NULL, NULL, TRUE, '2026-05-02 22:22:33.390865+00'),
('24923943-a292-4579-9baa-e09a8fc774da', '235cde4b-8ac9-4fae-be4e-a6e54d7c6d2c', NULL, 'entrada', 'Oi! Tudo bem?', NULL, NULL, TRUE, '2026-05-02 22:22:33.390865+00'),
('e74400b8-dd5c-4358-9f63-750724ae422e', '6c2370f4-4381-4514-8c02-208189548247', NULL, 'entrada', 'Quero saber mais sobre os planos', NULL, NULL, TRUE, '2026-05-02 22:22:33.390865+00'),
('d41feae0-0317-49ad-9e32-cbac478d0449', 'e7b87eed-1a61-4724-86ca-55b35cc4817e', NULL, 'entrada', 'Quero saber mais sobre os planos', NULL, NULL, TRUE, '2026-05-02 22:22:33.390865+00'),
('d18b20b6-a5a4-40bc-8726-6578c9305bac', 'ef3e2527-456a-4bf0-a20b-6c87afe19065', NULL, 'entrada', 'Oi! Tudo bem?', NULL, NULL, TRUE, '2026-05-02 22:22:33.390865+00'),
('69f6c652-b271-4177-8a23-9f6739e80ef8', 'ef3e2527-456a-4bf0-a20b-6c87afe19065', NULL, 'entrada', 'Quero saber mais sobre os planos', NULL, NULL, TRUE, '2026-05-02 22:22:33.390865+00'),
('5b676aaf-f436-470a-ae6d-c2aeb9f2f053', 'e7b87eed-1a61-4724-86ca-55b35cc4817e', NULL, 'entrada', 'Oi! Tudo bem?', NULL, NULL, TRUE, '2026-05-02 22:22:33.390865+00'),
('c49a53d2-b66d-4f6e-bfc0-aa628d5887fb', '6c2370f4-4381-4514-8c02-208189548247', NULL, 'saida', 'Olá! Tudo ótimo, como posso ajudar?', NULL, NULL, TRUE, '2026-05-02 22:22:33.390865+00'),
('5653cde3-1f7e-4b2a-ac01-ecd21716705c', 'ef3e2527-456a-4bf0-a20b-6c87afe19065', NULL, 'saida', 'Olá! Tudo ótimo, como posso ajudar?', NULL, NULL, TRUE, '2026-05-02 22:22:33.390865+00'),
('ab808367-3509-4870-95d2-5e9444a383cb', 'e7b87eed-1a61-4724-86ca-55b35cc4817e', NULL, 'saida', 'Olá! Tudo ótimo, como posso ajudar?', NULL, NULL, TRUE, '2026-05-02 22:22:33.390865+00'),
('ad2f2138-fba9-4d09-b690-d9ce67223a0c', '6c2370f4-4381-4514-8c02-208189548247', NULL, 'saida', 'Temos diversos planos, para eu te enviar uma proposta personalizada preciso de mais informações', NULL, NULL, TRUE, '2026-05-02 22:27:59.572985+00'),
('729f3975-9241-479c-b17a-47652432f328', '03e0f89b-b1c0-4fce-8b3f-c108ab881eff', NULL, 'entrada', 'Olá, gostaria de mais informações.', NULL, NULL, FALSE, '2026-05-02 22:39:25.390267+00'),
('2d0aa798-d36a-4624-a6fb-f679e61eaec7', '03e0f89b-b1c0-4fce-8b3f-c108ab881eff', NULL, 'saida', 'Claro, posso te ajudar. Qual serviço você procura?', NULL, NULL, FALSE, '2026-05-02 22:39:25.390267+00'),
('ea23f459-0d5b-4a7e-9b0b-6c80737a7fdf', '03e0f89b-b1c0-4fce-8b3f-c108ab881eff', NULL, 'entrada', 'Quero entender melhor os valores.', NULL, NULL, FALSE, '2026-05-02 22:39:25.390267+00'),
('38bea55d-b3fd-4abb-8d9b-422e1db103cc', '008d4378-c4c3-40f6-b541-11f4982a1b5c', NULL, 'entrada', 'Quero um orçamento', NULL, NULL, FALSE, '2026-05-02 22:44:28.233512+00'),
('0e40cda4-a76b-4d74-b4ce-b1d7e40c8346', '4e9aa671-5f9f-48ec-80c1-6ce475be8fec', NULL, 'entrada', 'Teste', NULL, NULL, FALSE, '2026-05-02 23:15:14.324095+00'),
('a8f9e6c5-ec6f-47fb-a247-c1e6d511c0c6', '295dab45-0d4b-4893-b353-14267deb2f8b', NULL, 'entrada', 'Quero contratar', NULL, NULL, FALSE, '2026-05-03 07:11:06.537632+00'),
('20b86903-3041-4a79-a214-0e26197be446', '496e9b83-8e16-4f17-949d-c9f1cbfcca00', NULL, 'entrada', 'Quero contratar', NULL, NULL, FALSE, '2026-05-03 07:11:06.537632+00'),
('6040c3bf-20b6-42e3-a44b-db9c1f337e25', 'df1425f0-ff4f-4575-998a-1aa9b169831b', NULL, 'entrada', 'Quero contratar', NULL, NULL, FALSE, '2026-05-03 08:11:06.537632+00'),
('4c57f7db-bdfc-4040-9a7b-8288093ec4dc', '33e2a9ee-a39e-487d-a9e8-ccedba46cdf3', NULL, 'entrada', 'Quero contratar', NULL, NULL, FALSE, '2026-05-03 08:11:06.537632+00'),
('a48e72ec-d8a1-4c7c-b922-a1ae0a98d9c1', 'c699fa27-a9cf-492a-8a33-7281976a3c0f', NULL, 'entrada', 'Quero contratar', NULL, NULL, FALSE, '2026-05-03 08:11:06.537632+00'),
('1cfa4683-fdad-4204-b001-9682c786ec84', '7823deb7-f150-41b2-b504-e1e1d6824c14', NULL, 'entrada', 'Quero contratar', NULL, NULL, FALSE, '2026-05-03 08:11:06.537632+00'),
('d134cd8a-e42d-4751-b823-3185ee8d15e1', '18dba65d-d12b-4003-83ce-8d2307d1acd5', NULL, 'entrada', 'Quero contratar', NULL, NULL, FALSE, '2026-05-03 09:11:06.537632+00'),
('94d6347a-d918-4c33-ae89-3a27dfb2c97c', '627d6f0c-026c-4d2d-aa62-7e2e30c2ddcb', NULL, 'entrada', 'Quero contratar', NULL, NULL, FALSE, '2026-05-03 09:11:06.537632+00'),
('a84ed786-18f9-412c-8dc8-6f7ad5a2a31e', 'a8074fc7-5dbc-4869-b165-6ff3bd6087ec', NULL, 'entrada', 'Quero contratar', NULL, NULL, FALSE, '2026-05-03 09:11:06.537632+00'),
('f9b40e8e-d8d5-4b7f-98e8-19ffcb533020', '4c8451e7-ef80-42bf-bc37-99fadca4888b', NULL, 'entrada', 'Quero contratar', NULL, NULL, FALSE, '2026-05-03 10:11:06.537632+00'),
('c78580ce-b302-4586-ae79-24515c85f2dd', '9df67034-f1cf-453b-a2fc-9c087085f907', NULL, 'entrada', 'Quero contratar', NULL, NULL, FALSE, '2026-05-03 11:11:06.537632+00'),
('89fdc2d9-37ad-4904-9b31-ec513f804739', '66ebac4a-0028-4ced-a703-d41788c4e32e', NULL, 'entrada', 'Quero contratar', NULL, NULL, FALSE, '2026-05-03 11:11:06.537632+00'),
('a8b91e9a-8f8a-4249-bb5a-5abf2b49348a', '7b2e7035-a239-41a2-b9e5-78660e107fb5', NULL, 'entrada', 'Quero contratar', NULL, NULL, FALSE, '2026-05-03 11:11:06.537632+00'),
('dde97747-5a69-4e27-8ffd-b33c0e3351f7', '01d502e6-784b-49c1-bf37-5ea58690ac37', NULL, 'entrada', 'Quero contratar', NULL, NULL, FALSE, '2026-05-03 12:11:06.537632+00'),
('b218c3c1-2c48-4741-a74d-c0785b23185c', '8d397ee6-496f-4368-bed4-c70a3800b443', NULL, 'entrada', 'Quero contratar', NULL, NULL, FALSE, '2026-05-03 12:11:06.537632+00'),
('3b1f101b-c4ae-4c90-b24f-93a6abcc6c93', '171880f2-509b-48ad-8e63-777938d9f708', NULL, 'entrada', 'Quero contratar', NULL, NULL, FALSE, '2026-05-03 13:11:06.537632+00'),
('085d34e0-8e8e-40da-a956-f551e97500c4', 'd7f114e2-7831-4440-8e30-29f43de06d85', NULL, 'entrada', 'Quero contratar', NULL, NULL, FALSE, '2026-05-03 14:11:06.537632+00'),
('66cf79f1-3f61-4380-926e-2124246d3f66', '92024361-83fa-4104-a64f-ffd4bf4538eb', NULL, 'entrada', 'Quero contratar', NULL, NULL, FALSE, '2026-05-03 15:11:06.537632+00'),
('51149751-30a0-4d8d-b312-26ddec19c781', 'ecfe8969-f877-4c0c-87e8-0c958fd90ddf', NULL, 'entrada', 'Quero contratar', NULL, NULL, FALSE, '2026-05-03 15:11:06.537632+00'),
('af2c728b-f9da-4500-9e7f-b2e1c32550ce', 'e721040e-6206-4e8c-8960-bb898386b4a3', NULL, 'entrada', 'Quero contratar', NULL, NULL, FALSE, '2026-05-03 15:11:06.537632+00'),
('7033df48-710c-4582-879f-0f46aa5c8cfb', 'f1066d71-af0e-456e-86c3-3ee66f62e4ac', NULL, 'entrada', 'Quero contratar', NULL, NULL, FALSE, '2026-05-03 17:11:06.537632+00'),
('ee7a7bc4-ffad-4eb7-9c0b-90cca33c62c2', '03947290-3cca-4044-95ea-ddad7681f6a9', NULL, 'entrada', 'Quero contratar', NULL, NULL, FALSE, '2026-05-03 17:11:06.537632+00'),
('06901fc2-efe6-422b-a0af-c437c96e433c', '6da9edf1-af3b-471a-8fda-9642901489af', NULL, 'entrada', 'Quero contratar', NULL, NULL, FALSE, '2026-05-03 17:11:06.537632+00'),
('b70a2aa0-979c-4f67-9247-515fe69449d6', '7b7640dd-34f4-4e62-af50-f5f752ba811e', NULL, 'entrada', 'Quero contratar', NULL, NULL, FALSE, '2026-05-03 18:11:06.537632+00'),
('86137aa3-ea4a-463b-bb37-16a0f36d486c', '697301b5-cae6-4cb7-8eb2-eb00cd3ef5bf', NULL, 'entrada', 'Quero contratar', NULL, NULL, FALSE, '2026-05-03 18:11:06.537632+00'),
('71039ccc-25e1-49a0-94ef-1d8f33cbf596', '56035e2a-7e69-484d-80a8-1d6b883e6a4b', NULL, 'entrada', 'Quero contratar', NULL, NULL, FALSE, '2026-05-03 19:11:06.537632+00'),
('294af4f2-99a3-4f19-a3a1-312556b9fb4d', '714c2571-f164-4e65-9eba-3ff5dfa0a4a9', NULL, 'entrada', 'Quero contratar', NULL, NULL, FALSE, '2026-05-03 19:11:06.537632+00'),
('82a1ddfc-0095-46a5-889a-34266003652e', 'a32cf6f1-4eb3-4a49-b1dc-52df1e4fa4ed', NULL, 'entrada', 'Quero contratar', NULL, NULL, FALSE, '2026-05-03 19:11:06.537632+00'),
('6460a1df-07ca-4e9c-ae06-177c869a68ef', 'd74644b5-c8f8-4e52-8f14-7745c941df80', NULL, 'entrada', 'Quero contratar', NULL, NULL, FALSE, '2026-05-03 19:11:06.537632+00'),
('51a183bc-dfff-45ee-aeac-c5b598f8575a', 'e9d232b3-d9ec-4065-aad3-45b2fd510d59', NULL, 'entrada', 'Quero contratar', NULL, NULL, FALSE, '2026-05-03 20:11:06.537632+00'),
('87168c51-6233-49c0-b1bb-b52fe885a763', '55770e9b-bb2c-42e4-b33a-cbb2c3487dc2', NULL, 'entrada', 'Quero contratar', NULL, NULL, FALSE, '2026-05-03 20:11:06.537632+00'),
('ceb58560-a131-4c14-96d9-514f329b86d4', 'b92dabf7-d12b-49b6-8e85-c7eed7db1683', NULL, 'entrada', 'Quero contratar', NULL, NULL, FALSE, '2026-05-03 21:11:06.537632+00'),
('f1bb9e83-7a3a-4e49-8621-749b1068d747', 'b7605306-18f4-4800-8c78-0e0da8cfcc8f', NULL, 'entrada', 'Quero contratar', NULL, NULL, FALSE, '2026-05-03 21:11:06.537632+00'),
('7bcff39c-081c-483a-b298-c817455f5b67', '842fb524-d290-4dc2-8831-0bb8c57c88c4', NULL, 'entrada', 'Quero contratar', NULL, NULL, FALSE, '2026-05-03 21:11:06.537632+00'),
('588b1778-a39b-4567-8105-fcd3f9bd41f0', 'f38548ab-dc6e-4021-aa4f-edf85d1f3a67', NULL, 'entrada', 'Quero contratar', NULL, NULL, FALSE, '2026-05-03 21:11:06.537632+00'),
('9685869e-f281-4ede-a2cd-57f557dbe3fd', '9269cb22-a3e7-412c-b830-7019c5886097', NULL, 'entrada', 'Quero contratar', NULL, NULL, FALSE, '2026-05-03 22:11:06.537632+00'),
('a70f089e-f214-4d03-b591-78592e09b279', 'ed546826-ebe9-4cde-9363-f4ad2ac0704e', NULL, 'entrada', 'Quero contratar', NULL, NULL, FALSE, '2026-05-03 22:11:06.537632+00'),
('4956f14e-548a-49f9-a4cd-1fbf90e6a159', '89760cd5-66de-46fb-98a8-6d5ff19859bf', NULL, 'entrada', 'Quero contratar', NULL, NULL, FALSE, '2026-05-03 23:11:06.537632+00'),
('8ec72693-1452-4d04-a13a-03e2e87c6880', '8c8fac18-c683-452f-86e9-f801ea711300', NULL, 'entrada', 'Quero contratar', NULL, NULL, FALSE, '2026-05-03 23:11:06.537632+00'),
('b6a71e12-c275-4bac-8a20-4968d0964f30', 'a06b95da-78fa-444e-8441-9d6e09fe208b', NULL, 'entrada', 'Quero contratar', NULL, NULL, FALSE, '2026-05-03 23:11:06.537632+00'),
('5931a390-b2de-437e-91bf-c6c86a2bc693', '7d4a9940-44d1-4862-be85-1acf4dc96b21', NULL, 'entrada', 'Quero contratar', NULL, NULL, FALSE, '2026-05-03 23:11:06.537632+00'),
('f16850e7-0f40-43b7-b180-ed87f887debc', '3d8cc334-f97e-430d-897d-f2050fdc2142', NULL, 'entrada', 'Quero contratar', NULL, NULL, FALSE, '2026-05-04 00:11:06.537632+00'),
('fa2eb700-4b67-4f1b-b847-c3a1941545a8', '31e37a5a-d83b-4b8c-947b-127cae854d6e', NULL, 'entrada', 'Quero contratar', NULL, NULL, FALSE, '2026-05-04 01:11:06.537632+00'),
('997a5c96-f794-4c25-b607-b893526eafad', 'b7ba4490-9e0c-4e9f-a2f5-c8a7b3afa1fd', NULL, 'entrada', 'Quero contratar', NULL, NULL, FALSE, '2026-05-04 02:11:06.537632+00'),
('3273cb42-758c-4ead-afbf-b77683afe911', '9fa4b6e0-a367-42da-8665-f6e491232e2b', NULL, 'entrada', 'Quero contratar', NULL, NULL, FALSE, '2026-05-04 02:11:06.537632+00'),
('6e1c01e0-8ad2-4413-a908-39f6fbdf7aeb', '95ced674-94e9-459c-b359-ca79314f296e', NULL, 'entrada', 'Quero contratar', NULL, NULL, FALSE, '2026-05-04 03:11:06.537632+00'),
('b5a76e93-be52-48c0-b24d-f69eb46d3d8a', '306586a3-41ba-4b71-89fc-f7d317d6decf', NULL, 'entrada', 'Quero contratar', NULL, NULL, FALSE, '2026-05-04 03:11:06.537632+00'),
('15fa0d0f-ec62-443e-ac5e-00b0ffd02c9f', 'bc4763e5-05fc-4264-8b6c-0026c7bba567', NULL, 'entrada', 'Quero contratar', NULL, NULL, FALSE, '2026-05-04 04:11:06.537632+00'),
('470ff04f-7d0d-42dc-bf61-0a1133d78c8e', 'a4649a52-4409-4d70-9724-ac88d53252a7', NULL, 'entrada', 'Quero contratar', NULL, NULL, FALSE, '2026-05-04 04:11:06.537632+00'),
('50b1e09c-d86d-4b54-a9ad-b13616817119', '9ca97e70-66e6-49b1-9d9d-44193f6efe07', NULL, 'entrada', 'Quero contratar', NULL, NULL, FALSE, '2026-05-04 04:11:06.537632+00'),
('e84fb01a-cd29-4faf-8741-3ccff8df882a', '644c520e-4575-464f-ade5-b9246eb88eb1', NULL, 'entrada', 'Quero contratar', NULL, NULL, FALSE, '2026-05-04 04:11:06.537632+00'),
('dd69dfa5-4d02-40ad-9f24-ff7e93039758', '59787b79-df67-43b8-bf74-ffd2207f473e', NULL, 'entrada', 'Quero contratar', NULL, NULL, FALSE, '2026-05-04 04:11:06.537632+00'),
('fd687e0f-c340-42f9-a74e-f2d2b6deca3b', 'b032a862-c626-4ca0-8635-a4a8407f1f54', NULL, 'entrada', 'Quero contratar', NULL, NULL, FALSE, '2026-05-04 05:11:06.537632+00'),
('81bf1461-26b6-428e-8425-401dc2ba9b57', '050778e3-1a29-42c7-9a65-9652040d822a', NULL, 'entrada', 'Quero contratar', NULL, NULL, FALSE, '2026-05-04 06:11:06.537632+00'),
('bc4b009a-364d-4e45-901f-3119254903f7', '4d42ef3a-b5ea-44c5-b108-3a991cf69633', NULL, 'entrada', 'Quero contratar', NULL, NULL, FALSE, '2026-05-04 06:11:06.537632+00'),
('fb3b2e21-cb45-4fff-a474-7bc3d4b2070b', '0333754e-16f9-4421-9c9b-b4956c498251', NULL, 'entrada', 'Quero contratar', NULL, NULL, FALSE, '2026-05-04 07:11:06.537632+00'),
('6a408f31-7757-4569-b515-d96725ed4047', 'b9d0cb1c-b1c4-4eda-bba6-5a76e57b2d90', NULL, 'entrada', 'Quero contratar', NULL, NULL, FALSE, '2026-05-04 09:11:06.537632+00'),
('5cabf8e6-3bb5-4af9-8691-667be53eba14', 'c83d2e75-8fc9-4c6b-b84e-c71389f3fc8f', NULL, 'entrada', 'Quero contratar', NULL, NULL, FALSE, '2026-05-04 10:11:06.537632+00'),
('c9f3df2f-8fd1-4330-913b-3ad6cab7a616', 'ff3d6012-4d85-4a94-a360-090c714eeeff', NULL, 'entrada', 'Quero contratar', NULL, NULL, FALSE, '2026-05-04 10:11:06.537632+00'),
('ecb1851a-2ad0-4430-8c0d-799f950ac3a2', 'f86f3f2c-2390-4ac2-a473-19539acb4e2c', NULL, 'entrada', 'Quero contratar', NULL, NULL, FALSE, '2026-05-04 11:11:06.537632+00'),
('047d4678-9fc4-49af-8dc5-046a2861a7b9', 'f00bc8cd-22e3-42a5-a7d1-0838a1d75024', NULL, 'saida', 'Bom dia, tudo bem?', NULL, NULL, TRUE, '2026-05-05 12:31:09.382948+00'),
('62858325-2b5b-498a-ab16-70bb2dcdac87', 'f22b490c-bf59-4ed5-8234-ca13fdf3f222', NULL, 'saida', 'Olá, como posso ajudar?´', NULL, NULL, TRUE, '2026-05-05 12:31:32.896084+00'),
('0e52c00d-74d0-45df-8ce6-990d1e0ed152', '76234020-52d3-4a63-8e34-a874a720d618', NULL, 'saida', 'Olá! Tudo bem? Aqui é da equipe de atendimento. Como posso te ajudar hoje?', NULL, NULL, TRUE, '2026-05-05 12:39:53.205664+00'),
('e51cf098-4ba4-4aef-9827-7f7d25f26812', 'f86f3f2c-2390-4ac2-a473-19539acb4e2c', NULL, 'saida', 'dsamds-alm', NULL, NULL, TRUE, '2026-05-12 01:19:08.514629+00'),
('126335e4-5e43-42ea-98f7-3a954b677ec2', 'b3eba6a1-3c20-41a2-8c3a-dd76c11f9a30', 'cfc99e3e-912c-42a6-b624-0b2ae151f53f', 'saida', 'Teste de mensagem via C# backend!', NULL, NULL, FALSE, '2026-05-15 17:03:31.436426+00'),
('22f4e389-8cf2-47ca-803f-87977937c1ca', 'b3eba6a1-3c20-41a2-8c3a-dd76c11f9a30', 'cfc99e3e-912c-42a6-b624-0b2ae151f53f', 'saida', 'á! Entraremos em contato em breve.', NULL, NULL, FALSE, '2026-05-15 17:09:29.373736+00');

